sample_name,Cnet ,ROIAREA
F1-1,0.29597782,1.963806
F1-1,0.283237448,0.8926392
F1-1,0.188484482,1.977539
F1-1,0.337757658,2.568054
F1-1,0.235736465,1.400757
F1-1,0.144852565,1.675415
F1-1,0.223964247,1.167297
F1-1,0.288696996,2.49939
F1-1,0.14968265,0.5905151
F1-1,0.222278515,2.252197
F1-1,0.210017567,1.249695
F1-1,0.209295184,2.101135
F1-1,0.392768356,1.029968
F1-1,0.282446948,0.8651733
F1-1,0.273239759,2.59552
F1-1,0.242228981,0.4119873
F1-1,0.19970916,1.771545
F1-1,0.219353947,0.7278442
F1-1,0.229593888,0.9750366
F1-1,0.184046425,0.9063721
F1-1,0.158212869,1.263428
F1-1,0.059638786,0.7965088
F1-1,0.202348549,1.208496
F1-1,0.254469234,0.769043
F1-1,0.222998781,1.071167
F1-1,0.240794177,0.3570557
F1-1,0.235283972,0.9338379
F1-1,0.255840532,0.5218506
F1-1,0.087968663,0.5630493
F1-1,0.261481429,0.3707886
F1-1,0.072748813,0.8377075
F1-1,0.093092394,0.4394531
F1-1,0.135358184,0.6454468
F1-1,0.031502876,0.9338379
F1-1,0.028744093,0.7965088
F1-1,0.246174908,0.5218506
F1-1,0.093302962,0.8514404
F1-1,0.197810575,0.6454468
F1-1,0.127776259,1.455688
F1-1,0.05215365,1.290894
F1-1,0.21399747,0.8789063
F1-1,0.11874058,0.8102417
F1-1,0.06657574,1.098633
F1-1,0.109823134,1.496887
F1-1,0.031376086,0.7141113
F1-1,-0.002013754,0.3707886
F1-2,0.044809802,1.126099
F1-2,0.049174883,1.799011
F1-2,0.037473451,1.963806
F1-2,0.048681654,0.7003784
F1-2,0.01886539,0.7965088
F1-2,0.036349353,1.167297
F1-2,0.04203994,1.016235
F1-2,0.034946347,0.8789063
F1-2,0.034813457,1.332092
F1-2,0.025007959,1.016235
F1-2,0.030955962,0.5767822
F1-2,0.036368456,0.5081177
F1-2,0.027989237,0.6454468
F1-2,0.003734124,0.8102417
F1-2,0.04006754,0.9338379
F1-2,0.031981173,0.8377075
F1-2,0.040481374,1.194763
F1-2,0.013775739,1.304626
F1-2,0.028733559,0.5630493
F1-2,0.028099458,0.6591797
F1-2,0.034538393,0.7827759
F1-2,0.027103217,1.112366
F1-2,0.027866082,0.8926392
F1-2,0.008182105,0.7415771
F1-2,0.03642547,1.359558
F1-2,0.030885854,0.5493164
F1-2,0.022400551,0.4394531
F1-2,0.010213509,0.9063721
F1-2,0.007193147,0.3295898
F1-2,0.026850503,0.4669189
F1-2,0.016172282,0.6866455
F1-2,0.012975418,0.5355835
F1-2,0.018891004,0.7141113
F1-2,0.025691189,0.4943848
F1-2,0.037361102,0.6317139
F1-2,0.030469438,0.3295898
F1-2,0.010101556,1.318359
F1-2,0.022478517,0.5630493
F1-2,0.028258851,0.4806519
F1-2,0.00376365,0.6454468
F1-2,0.017173556,0.7141113
F1-2,0.027365612,0.5630493
F1-2,0.027033292,0.8377075
F1-2,0.028698181,0.5630493
F1-2,0.03067786,0.453186
F1-2,0.02588495,0.3707886
F1-2,0.028931447,0.4257202
F1-2,0.02423574,0.3158569
F1-2,0.041794428,0.3295898
F1-2,0.011834886,0.6317139
F1-2,0.017568975,0.3845215
F1-2,0.02704351,0.5905151
F1-2,0.020061409,0.4394531
F1-2,0.017793746,0.8651733
F1-2,0.022317511,0.3295898
F1-2,0.017770369,0.2883911
F1-2,0.033256505,0.2883911
F1-2,0.047859725,1.538086
F1-2,0.040289348,1.496887
F1-2,0.042566842,1.524353
F1-2,0.041163176,1.41449
F1-2,0.040871489,1.194763
F1-2,0.03711846,0.5493164
F1-2,0.027810038,0.8102417
F1-2,0.034118652,1.702881
F1-2,0.036095855,1.689148
F1-2,0.023348051,0.7415771
F1-2,0.029986771,1.098633
F1-2,0.020237538,1.304626
F1-2,0.018574342,0.7278442
F1-2,0.025029002,0.9063721
F1-2,0.025444847,0.8102417
F1-2,0.028870334,0.3433228
F1-2,0.031893604,0.6317139
F1-2,0.008328445,0.3845215
F1-2,0.01770078,0.9475708
F1-2,0.022373886,0.4943848
F1-2,0.022231819,1.153564
F1-2,0.032801165,0.5905151
F1-2,0.027268105,0.604248
F1-2,0.026947785,0.5905151
F1-2,0.03131623,0.604248
F1-2,0.027881243,1.126099
F1-2,0.047791037,1.249695
F1-2,0.045111338,1.153564
F1-2,0.021423553,0.8926392
F1-2,0.036887823,1.235962
F1-2,0.004791102,2.210999
F1-2,0.040844931,1.675415
F1-2,0.03772137,0.9475708
F1-2,0.037276948,0.302124
F1-2,0.047707762,0.9338379
F1-2,0.041147657,1.194763
F1-2,0.042202672,0.9475708
F1-2,0.041993692,0.920105
F1-2,0.034166641,0.9750366
F1-2,0.037830725,1.565552
F1-2,0.011437566,1.387024
F1-2,0.04052693,1.222229
F1-2,0.035920864,0.8102417
F1-2,0.038375452,0.617981
F1-2,0.0431644,1.318359
F1-2,0.034529436,0.3707886
F1-2,0.025407229,0.4257202
F1-2,0.037836714,0.8651733
F1-2,0.021072419,0.8514404
F1-2,0.034185968,0.3982544
F1-2,0.036334447,1.208496
F1-2,0.032373753,0.604248
F1-2,0.029122136,0.3570557
F1-2,0.027273665,0.5493164
F1-2,0.024204852,1.304626
F1-2,0.022647174,0.617981
F1-2,0.033029552,0.5355835
F1-2,0.02618957,0.5905151
F1-2,0.039141091,0.7003784
F1-2,0.029850353,1.0849
F1-2,0.023327242,0.5355835
F1-2,0.027197988,0.4943848
F1-2,0.022473587,0.3707886
F1-2,0.022398852,0.6591797
F1-2,0.032798304,0.7553101
F1-2,0.027397846,0.2334595
F1-2,0.031959732,0.3845215
F1-2,0.028070582,0.6591797
F1-2,0.024593776,0.5905151
F1-2,0.031384918,0.3570557
F1-2,0.028616175,0.3845215
F1-2,0.027020342,0.5630493
F1-2,0.029263283,0.5218506
F1-2,0.039729696,0.3982544
F1-2,0.022658497,0.302124
F1-2,0.033134277,0.4669189
F1-2,0.02075655,0.2609253
F1-2,0.033344362,0.4669189
F1-2,0.025268654,0.5493164
F1-2,0.027285578,0.4806519
F1-2,0.023062104,0.4394531
F1-2,0.021157793,0.4806519
F1-2,0.026183144,0.3845215
F1-2,0.019034503,0.2471924
F1-2,0.028888528,0.5218506
F1-2,0.021999244,0.5630493
F1-2,0.030777462,0.3982544
F1-3,0.174007325,1.469421
F1-3,0.319172774,2.568054
F1-3,0.330816932,2.210999
F1-3,0.247044677,2.883911
F1-3,0.298868333,1.469421
F1-3,0.442434138,1.895142
F1-3,0.371622457,2.403259
F1-3,0.382697783,0.7965088
F1-3,0.295493443,2.032471
F1-3,0.288673612,2.554321
F1-3,0.249259109,2.636719
F1-3,0.207328158,2.293396
F1-3,0.358957601,1.455688
F1-3,0.259084341,0.7965088
F1-3,0.385015394,0.9613037
F1-3,0.242454188,0.4806519
F1-3,0.44138885,0.6591797
F1-3,0.315196373,2.362061
F1-3,0.296528922,3.419495
F1-3,0.278348862,2.980042
F1-3,0.318802449,1.826477
F1-3,0.189434889,1.565552
F1-3,0.280480304,1.359558
F1-3,0.285882794,1.991272
F1-3,0.28304161,0.2471924
F1-3,0.308309551,1.373291
F1-3,0.285515689,1.593018
F1-3,0.238450173,3.501892
F1-3,0.267023115,1.387024
F1-3,0.17422708,1.249695
F1-3,0.219746847,1.524353
F1-3,0.264075101,2.059937
F1-3,0.303038368,1.167297
F1-3,0.316358985,3.927612
F1-3,0.335680444,0.8651733
F1-3,0.312042667,0.9338379
F1-3,0.36497121,0.8102417
F1-3,0.395717597,1.84021
F1-3,0.20836826,1.963806
F1-3,0.233220441,2.348328
F1-3,0.182334585,1.373291
F1-3,0.289049409,1.029968
F1-3,0.350461053,1.977539
F1-3,0.273141993,0.9475708
F1-3,0.348598971,5.081177
F1-3,0.436854647,1.016235
F1-3,0.289944484,2.430725
F1-3,0.335645741,2.801514
F1-3,0.164315857,3.186035
F1-3,0.323599468,1.895142
F1-3,0.304258218,2.581787
F1-3,0.332775096,2.471924
F1-3,0.224943321,1.565552
F1-3,0.307112524,1.551819
F1-3,0.323181165,2.1698
F1-3,0.262062049,2.26593
F1-3,0.325598475,3.488159
F1-3,0.394929028,2.128601
F1-3,0.272090401,2.142334
F1-3,0.283050877,1.41449
F1-3,0.337476389,1.757813
F1-3,0.507669465,0.6729126
F1-3,0.358436589,1.84021
F1-3,0.238824715,3.103638
F1-3,0.316946392,1.524353
F1-3,0.293338101,1.675415
F1-3,0.183484968,2.526855
F1-3,0.206570669,1.332092
F1-3,0.356235125,1.551819
F1-3,0.306210419,1.702881
F1-3,0.261194093,1.126099
F1-3,0.362906639,1.277161
F1-3,0.307459346,1.400757
F1-3,0.229018507,1.634216
F1-3,0.228165375,1.029968
F1-3,0.311545878,1.60675
F1-3,0.2884072,2.540588
F1-3,0.366893355,2.156067
F1-3,0.216567132,1.441956
F1-3,0.295350872,2.224731
F1-3,0.277458201,1.002502
F1-3,0.365891082,2.279663
F1-3,0.200260818,2.087402
F1-3,0.223131693,1.689148
F1-3,0.388780025,1.41449
F1-3,0.394339827,2.059937
F1-3,0.401480374,1.249695
F1-3,0.379702502,2.444458
F1-3,0.265324775,1.400757
F1-3,0.377334606,1.428223
F1-3,0.280288105,0.7278442
F1-3,0.3041332,1.002502
F1-3,0.392358311,1.126099
F1-3,0.250852432,1.799011
F1-3,0.282549629,1.373291
F1-3,0.249697315,1.208496
F1-3,0.310097426,1.551819
F1-3,0.279544036,0.617981
F1-3,0.400863074,1.826477
F1-3,0.324166088,1.469421
F1-3,0.473324719,0.6317139
F1-3,0.320374157,1.524353
F1-3,0.448058176,1.345825
F1-3,0.383282436,1.826477
F1-3,0.396209874,1.0849
F1-3,0.346562697,1.991272
F1-3,0.238447142,1.18103
F1-3,0.304639699,0.7965088
F1-3,0.215957355,2.114868
F1-3,0.202950051,1.826477
F1-3,0.284389194,3.598022
F1-3,0.249003396,0.3570557
F1-3,0.266992765,0.7003784
F1-3,0.22231706,0.4257202
F1-3,0.35657168,2.416992
F1-3,0.345994576,2.526855
F1-3,0.352962371,1.428223
F1-3,0.321853519,1.400757
F1-3,0.391080309,2.801514
F1-3,0.247572965,0.1647949
F1-3,0.303040181,1.016235
F1-3,0.294498011,1.139832
F1-3,0.245956067,1.112366
F1-3,0.257729482,2.883911
F1-3,0.342884982,2.403259
F1-3,0.317954356,1.963806
F1-3,0.493804347,0.453186
F1-3,0.330997669,2.416992
F1-3,0.348900288,0.4943848
F1-3,0.41567455,0.7553101
F1-3,0.256117432,1.016235
F1-3,0.330528683,3.062439
F1-3,0.32855684,2.581787
F1-3,0.375010924,2.334595
F1-3,0.391545703,0.6866455
F1-3,0.238217902,0.7827759
F1-3,0.28008107,2.650452
F1-3,0.303919048,0.5493164
F1-3,0.359086967,0.3158569
F1-3,0.369268445,0.3707886
F1-3,0.349753993,0.1922607
F1-3,0.330975581,0.769043
F1-3,0.295986689,2.746582
F1-3,0.308699993,1.263428
F1-3,0.273128089,1.538086
F1-3,0.269659482,0.2197266
F1-3,0.293299254,1.702881
F1-3,0.348814548,1.977539
F1-3,0.346755559,1.098633
F1-3,0.427037377,1.0849
F1-3,0.284614202,1.483154
F1-3,0.286314228,1.400757
F1-3,0.387445332,0.5081177
F1-3,0.300490062,1.153564
F1-3,0.280064492,1.93634
F1-3,0.459666868,0.4806519
F1-3,0.335192128,2.032471
F1-3,0.350954111,1.167297
F1-3,0.44481129,0.3158569
F1-3,0.255697329,2.980042
F1-3,0.330752176,0.8102417
F1-3,0.269629448,0.3982544
F1-3,0.532938256,0.4943848
F1-3,0.244714006,1.881409
F1-3,0.300416885,1.51062
F1-3,0.221466354,1.387024
F1-3,0.310819666,0.604248
F1-3,0.307037678,1.194763
F1-3,0.358072098,1.963806
F1-3,0.445655382,0.5630493
F1-3,0.355852397,1.373291
F1-3,0.195954953,0.9338379
F1-3,0.321726332,0.5355835
F1-3,0.264035994,0.9750366
F1-3,0.25163059,1.029968
F1-3,0.302290822,1.153564
F1-3,0.230978175,0.5081177
F1-3,0.315305157,1.071167
F1-3,0.331441771,0.8377075
F1-3,0.368822873,0.5630493
F1-3,0.234196,0.8651733
F1-3,0.260058466,1.977539
F1-3,0.337170536,1.263428
F1-3,0.214919163,1.620483
F1-3,0.196561906,2.746582
F1-3,0.351756743,0.3982544
F1-3,0.364342553,0.7553101
F1-3,0.424979642,1.991272
F1-3,0.19740096,1.661682
F1-3,0.158196981,2.032471
F1-3,0.360624354,0.5493164
F1-3,0.328870165,2.018738
F1-3,0.284963537,1.538086
F1-3,0.251627939,1.029968
F1-3,0.331599887,0.302124
F1-3,0.330475363,1.867676
F1-3,0.180424877,1.84021
F1-3,0.302263758,0.7965088
F1-3,0.359371227,1.593018
F1-3,0.253320707,1.222229
F1-3,0.284908258,1.675415
F1-3,0.297169897,0.3707886
F1-3,0.272669812,1.895142
F1-3,0.292534,1.60675
F1-3,0.341562727,0.9613037
F1-3,0.283201258,0.6591797
F1-3,0.152551818,0.9475708
F1-3,0.26393415,1.496887
F1-3,0.320098518,1.593018
F1-3,0.276437908,1.74408
F1-3,0.271143268,1.222229
F1-3,0.378087076,1.730347
F1-3,0.404101086,0.5355835
F1-3,0.245380758,2.568054
F1-3,0.234974458,1.304626
F1-3,0.235519918,0.9063721
F1-3,0.277552188,2.389526
F1-3,0.254693714,1.373291
F1-3,0.372862308,1.071167
F1-3,0.2997384,0.9750366
F1-3,0.333694553,1.208496
F1-3,0.242172714,0.5630493
F1-3,0.42386435,1.565552
F1-3,0.341623261,0.617981
F1-3,0.271872109,2.636719
F1-3,0.294912579,2.362061
F1-3,0.248428966,1.51062
F1-3,0.263405732,0.920105
F1-3,0.291276247,1.60675
F1-3,0.212351925,1.318359
F1-3,0.290297351,1.208496
F1-3,0.223439006,1.895142
F1-3,0.202157761,1.249695
F1-3,0.353246288,0.1647949
F1-3,0.42523887,1.029968
F1-3,0.354845845,2.334595
F1-3,0.279881399,0.9613037
F1-3,0.219870594,2.032471
F1-3,0.292598178,0.9063721
F1-3,0.169710873,0.8514404
F1-3,0.223507904,0.9063721
F1-3,0.410946148,2.046204
F1-3,0.367569225,0.4943848
F1-3,0.191711088,1.689148
F1-3,0.235261405,0.4394531
F1-3,0.193147633,0.4257202
F1-3,0.397420321,0.9063721
F1-3,0.560626459,0.2746582
F1-3,0.345463756,1.332092
F1-3,0.15628191,1.139832
F1-3,0.467969845,0.6454468
F1-3,0.293880538,0.8651733
F1-3,0.26229007,0.9338379
F1-3,0.27420504,0.7827759
F1-3,0.359510066,0.2471924
F1-3,0.182660644,0.5355835
F1-3,0.232653588,1.290894
F1-3,0.326556403,2.1698
F1-3,0.168076371,1.194763
F1-3,0.316290123,0.8239746
F1-3,0.33282608,0.920105
F1-3,0.295777622,0.2471924
F1-3,0.364631785,2.252197
F1-3,0.257326485,0.5630493
F1-3,0.267194509,0.8789063
F1-3,0.358190506,0.3845215
F1-3,0.332089943,1.41449
F1-3,0.317898598,0.3570557
F1-3,0.229463819,0.453186
F1-3,0.341444165,0.6317139
F1-3,0.205317919,0.7278442
F1-3,0.413505002,0.2609253
F1-3,0.538661832,0.4669189
F1-3,0.1783952,0.6454468
F1-3,0.334242529,0.2059937
F1-3,0.275474353,1.373291
F1-3,0.211279717,1.002502
F1-3,0.150067369,1.029968
F1-3,0.386512565,1.318359
F1-3,0.211397808,0.7003784
F1-3,0.302697625,0.920105
F1-3,0.197248801,0.302124
F1-3,0.311194696,0.151062
F1-3,0.178232727,0.2471924
F1-3,0.330632732,2.114868
F1-3,0.193540377,1.318359
F1-3,0.20936511,0.4806519
F1-3,0.222007122,1.524353
F1-3,0.269530847,0.3707886
F1-3,0.165209026,1.455688
F1-3,0.314112756,0.5767822
F1-3,0.149797547,0.4257202
F1-3,0.32784923,2.49939
F1-3,0.312630385,0.9613037
F1-3,0.308380893,0.769043
F1-3,0.233145147,0.6454468
F1-3,0.439107921,0.3295898
F1-3,0.45635641,0.3295898
F1-3,0.303151167,0.5630493
F1-3,0.343127161,0.9887695
F1-3,0.382311383,0.4257202
F1-3,0.288964842,1.029968
F1-3,0.216169331,1.043701
F1-3,0.164781273,1.277161
F1-3,0.261578867,1.098633
F1-3,-0.001718806,0.8926392
F1-3,0.302187935,1.0849
F1-3,0.278801777,0.7965088
F1-3,0.157798706,1.263428
F1-3,0.274379805,0.3707886
F1-3,0.28350937,2.005005
F1-3,0.238118987,0.8377075
F1-3,0.18832938,1.016235
F1-3,0.117833523,2.005005
F1-3,0.170282854,2.032471
F1-3,0.115963495,0.7141113
F1-3,0.127638349,0.8789063
F1-3,0.103012759,3.323364
F1-3,0.155877057,1.098633
F1-3,-0.001999935,1.441956
F1-3,0.074143611,1.496887
F1-3,0.215273051,0.8651733
F1-3,0.156775119,0.4257202
F1-3,0.131569353,0.2059937
F1-3,0.133041912,1.716614
F1-3,0.092168041,1.112366
F1-4,0.239714596,1.771545
F1-4,0.063516522,1.524353
F1-4,0.062326187,0.9338379
F1-4,0.043719812,0.9750366
F1-4,0.048659767,1.345825
F1-4,0.043314526,1.249695
F1-4,0.043259343,0.920105
F1-4,0.039691767,0.9475708
F1-4,0.055212401,0.8789063
F1-4,0.052343278,0.7415771
F1-4,0.048703556,1.139832
F1-4,0.032278612,1.263428
F1-4,0.039456304,0.6454468
F1-4,0.039634172,1.194763
F1-4,0.038242824,1.208496
F1-4,0.03112464,0.5081177
F1-4,0.030959037,1.74408
F1-4,0.045982461,0.453186
F1-4,0.047713321,1.661682
F1-4,0.033042026,1.826477
F1-4,0.041067355,0.617981
F1-4,0.037867272,0.604248
F1-4,0.03301566,0.6454468
F1-4,0.027761342,1.208496
F1-4,0.026955811,1.263428
F1-4,0.027597427,0.4257202
F1-4,0.026741602,0.2746582
F1-4,0.030440958,0.920105
F1-4,0.024800626,0.6454468
F1-4,0.01647487,1.290894
F1-4,0.023019971,0.7003784
F1-4,0.026139461,0.4943848
F1-4,0.026985466,1.332092
F1-4,0.019156044,0.6866455
F1-4,0.042204627,0.8377075
F1-4,0.026103924,0.9475708
F1-4,0.015789786,0.9475708
F1-4,0.016115085,0.5218506
F1-4,0.01388909,1.290894
F1-4,0.025473234,0.7278442
F1-4,0.026960775,0.2334595
F1-4,0.023838516,0.5081177
F1-4,0.026562646,0.5630493
F1-4,0.014902473,1.126099
F1-4,0.013881996,0.7141113
F1-4,0.016089246,0.5081177
F1-4,0.00940267,0.7141113
F1-4,0.024239591,0.7965088
F1-4,0.010460799,0.9613037
F1-4,0.012417424,0.3845215
F1-4,0.015309081,0.5218506
F1-4,0.015113623,0.9338379
F1-4,0.01796739,0.5218506
F1-4,0.021136774,0.4394531
F1-4,0.024097827,0.5355835
F1-4,0.01618487,0.6591797
F1-4,0.013072411,0.3570557
F1-4,0.014805656,0.3982544
F1-4,0.024139657,0.2609253
F1-4,0.010739739,0.5355835
F1-4,0.023256119,0.7965088
F1-4,0.010440577,0.2883911
F1-4,0.06919521,1.689148
F1-4,0.061229695,0.769043
F1-4,0.065773781,0.5630493
F1-4,0.055841726,0.7141113
F1-4,0.054669115,0.7553101
F1-4,0.053037197,2.911377
F1-4,0.040528237,0.5493164
F1-4,0.044049726,0.6591797
F1-4,0.061231538,0.9475708
F1-4,0.051104773,0.8239746
F1-4,0.051704314,0.4669189
F1-4,0.041957602,0.8102417
F1-4,0.042962528,0.9063721
F1-4,0.045634736,1.153564
F1-4,0.053911054,1.373291
F1-4,0.037887487,1.139832
F1-4,0.009273857,1.016235
F1-4,0.035431057,1.208496
F1-4,0.030176634,0.8514404
F1-4,0.042177595,1.908875
F1-4,0.028500146,1.593018
F1-4,0.036009305,1.029968
F1-4,0.046527068,0.9750366
F1-4,0.041052016,0.7827759
F1-4,0.048843004,1.002502
F1-4,0.035483236,1.029968
F1-4,0.042015729,0.7278442
F1-4,0.035720342,0.5493164
F1-4,0.037022436,1.071167
F1-4,0.038800763,0.8789063
F1-4,0.028780208,0.7415771
F1-4,0.03601406,0.9475708
F1-4,0.026360588,1.977539
F1-4,0.022008249,1.400757
F1-4,0.047892375,0.7965088
F1-4,0.005059959,0.9475708
F1-4,0.027662614,1.18103
F1-4,0.018361784,0.6866455
F1-4,0.034117163,0.8239746
F1-4,0.031126891,0.769043
F1-4,0.021160884,0.9338379
F1-4,0.02456433,0.6317139
F1-4,0.039698989,0.5493164
F1-4,0.032182699,0.7278442
F1-4,0.018991755,1.661682
F1-4,0.029523485,0.3982544
F1-4,0.028672277,0.4669189
F1-4,0.017890844,1.071167
F1-4,0.019442858,0.4119873
F1-4,0.026483921,0.4943848
F1-4,0.02413458,0.9887695
F1-4,0.03322492,0.4119873
F1-4,0.01609517,1.153564
F1-4,0.025079417,0.5630493
F1-4,0.017723087,1.222229
F1-4,0.02303424,0.7003784
F1-4,0.019560742,0.5218506
F1-4,0.023412287,0.769043
F1-4,0.024967279,1.263428
F1-4,0.020547481,0.2471924
F1-4,-0.001178978,0.8102417
F1-4,0.022980691,1.194763
F1-4,0.025838302,0.9063721
F1-4,0.011714892,0.6591797
F1-4,0.012787937,0.6866455
F1-4,0.011228477,0.9063721
F1-4,0.027796329,0.5081177
F1-4,0.01925231,0.920105
F1-4,0.022861835,0.7278442
F1-4,0.021996916,0.8514404
F1-4,0.014973961,0.5630493
F1-4,0.000642833,0.302124
F1-4,0.014214681,0.3433228
F1-4,0.011438765,0.604248
F1-4,0.020651002,0.5630493
F1-4,0.022474947,0.7278442
F1-4,0.008601679,0.7278442
F1-4,0.014860849,0.3158569
F1-4,0.018921166,0.5081177
F1-4,0.013035717,0.5081177
F1-4,0.015700658,0.3845215
F1-4,0.024156429,0.3982544
F1-4,0.006915677,0.302124
F1-4,0.02444493,0.604248
F1-4,0.020898786,0.3158569
F1-4,0.020428056,0.2471924
F1-4,0.020471487,0.3982544
F1-4,0.008196798,0.2883911
F1-4,0.022555019,0.3158569
F1-4,0.081606899,1.496887
F1-4,0.058310813,1.263428
F1-4,0.027701897,0.7965088
F1-4,0.076115587,1.41449
F1-4,0.067822782,2.416992
F1-4,0.051074595,1.112366
F1-4,0.06144346,1.593018
F1-4,0.066995987,1.441956
F1-4,0.059365545,1.400757
F1-4,0.072498076,0.4257202
F1-4,0.065148461,1.496887
F1-4,0.04990335,1.290894
F1-4,0.065336104,1.167297
F1-4,0.064276899,0.9887695
F1-4,0.063020791,0.9338379
F1-4,0.062749513,1.469421
F1-4,0.05443252,0.7415771
F1-4,0.045465537,0.8789063
F1-4,0.043049362,1.263428
F1-4,0.118474296,0.6454468
F1-4,0.038910272,0.9750366
F1-4,0.0645085,1.057434
F1-4,0.068471348,0.9887695
F1-4,0.028967435,1.126099
F1-4,0.029484379,1.098633
F1-4,0.035020315,0.604248
F1-4,0.041888149,1.139832
F1-4,0.027010306,1.002502
F1-4,0.011040218,0.8102417
F1-4,0.02070229,0.6317139
F1-4,0.030036048,0.9887695
F1-4,0.027281502,0.6591797
F1-4,0.041723463,0.920105
F1-4,0.037719874,0.8926392
F1-4,0.033351566,0.9887695
F1-4,0.030767867,1.112366
F1-4,0.026463028,1.071167
F1-4,0.028665738,0.8239746
F1-4,0.025506876,1.551819
F1-4,0.010523721,1.18103
F1-4,0.026884941,1.318359
F1-4,0.048489479,0.3982544
F1-4,0.024973581,0.7278442
F1-4,0.029869743,0.5767822
F1-4,0.020976297,0.5767822
F1-4,0.020640082,0.3982544
F1-4,0.029112034,0.3982544
F1-4,0.021119696,1.057434
F1-4,0.012910536,0.6591797
F1-4,0.03465812,1.167297
F1-4,0.038114928,1.098633
F1-4,0.022840402,0.7003784
F1-4,0.020988797,0.3982544
F1-4,0.028169731,1.043701
F1-4,0.036146544,0.6729126
F1-4,0.023106784,0.9750366
F1-4,0.052303855,0.8926392
F1-4,0.022747135,1.524353
F1-4,0.033497954,2.416992
F1-4,0.018581459,1.098633
F1-4,0.041668725,0.302124
F1-4,0.006830586,0.7141113
F1-4,0.008516161,0.617981
F1-4,0.041110549,0.2883911
F1-4,0.021651478,0.7003784
F1-4,0.026850448,0.7278442
F1-4,0.015231407,1.098633
F1-4,0.022630599,0.4806519
F1-4,0.01795891,0.9063721
F1-4,0.019780146,0.9613037
F1-4,0.018557339,0.5905151
F1-4,0.031566815,0.8514404
F1-4,0.028547222,0.7827759
F1-4,0.009723654,1.112366
F1-4,0.005658114,1.098633
F1-4,0.017075131,0.5493164
F1-4,0.015769633,1.0849
F1-4,0.030356765,0.9613037
F1-4,0.02729954,0.8239746
F1-4,0.017869743,1.098633
F1-4,0.008047452,0.4119873
F1-4,0.029828169,0.7141113
F1-4,0.015533318,0.617981
F1-4,0.01637708,0.8102417
F1-4,0.030597014,0.5355835
F1-4,0.019037934,0.1785278
F1-4,0.01310785,0.3707886
F1-4,0.019181561,0.5493164
F1-4,0.03384032,0.3570557
F1-4,0.01303906,1.222229
F1-4,0.018623211,0.3707886
F1-4,0.003905557,0.6591797
F1-4,0.022455013,0.4669189
F1-4,0.021890139,0.2883911
F1-4,0.021031411,0.3845215
F1-4,0.020283056,0.3707886
F1-4,0.014849604,0.3433228
F1-4,0.010322666,0.3158569
F1-4,0.007302172,0.3570557
F1-4,0.014140845,0.4806519
F2-1,0.200952733,0.5905151
F2-1,0.153270503,0.8926392
F2-1,0.186630385,1.112366
F2-1,0.171436181,1.757813
F2-1,0.334391458,1.620483
F2-1,0.172975992,1.153564
F2-1,0.316016682,0.8926392
F2-1,0.170089616,0.8789063
F2-1,0.154188324,1.002502
F2-1,0.109049192,0.5905151
F2-1,0.170937056,0.4669189
F2-1,0.052867517,0.6729126
F2-1,0.103292901,0.5355835
F2-1,0.114738137,0.3570557
F2-1,0.146330085,1.387024
F2-1,0.166271348,0.6729126
F2-1,0.266218743,0.4394531
F2-1,0.239013485,0.5218506
F2-1,0.11945172,1.647949
F2-1,0.211365399,0.5630493
F2-1,0.112726729,0.5218506
F2-1,0.21708918,0.6454468
F2-1,0.088032729,0.6454468
F2-1,0.110443514,1.387024
F2-1,0.283824604,0.6729126
F2-1,0.142737891,1.277161
F2-1,0.105469793,1.139832
F2-1,0.217957772,2.334595
F2-1,0.239197516,2.389526
F2-1,0.237587396,1.263428
F2-1,0.303383066,1.551819
F2-1,0.21701688,0.769043
F2-1,0.188696798,2.444458
F2-1,0.417376163,0.5767822
F2-1,0.270942928,1.620483
F2-1,0.186919799,0.7965088
F2-1,0.276554441,0.6591797
F2-1,0.319670256,0.7141113
F2-1,0.232293111,1.332092
F2-1,0.315966674,0.9613037
F2-1,0.247788165,0.604248
F2-1,0.298085947,0.8651733
F2-1,0.136958321,1.277161
F2-1,0.22077222,1.235962
F2-1,0.267921991,0.4119873
F2-1,0.092539245,0.6317139
F2-1,0.196952393,0.604248
F2-1,0.077573403,0.5493164
F2-1,0.175455736,0.5493164
F2-1,0.133811558,0.7553101
F2-1,0.054677912,0.7965088
F2-1,0.077748054,0.6866455
F2-1,0.078453627,0.604248
F2-1,0.162117976,0.5355835
F2-1,0.094907322,0.8651733
F2-1,0.204284962,0.6866455
F2-1,0.074535759,0.7553101
F2-1,0.088990426,1.126099
F2-1,0.234022879,0.6317139
F2-1,0.048912382,0.7003784
F2-1,0.043739142,0.769043
F2-1,-0.003899453,1.373291
F2-1,0.069326797,0.5081177
F2-1,0.27936128,1.208496
F2-1,0.420416473,1.029968
F2-1,0.251303102,1.551819
F2-1,0.194516651,1.675415
F2-1,0.376150141,0.8926392
F2-1,0.204689657,1.565552
F2-1,0.208090329,0.920105
F2-1,0.209393215,1.771545
F2-1,0.211189041,0.7827759
F2-1,0.277925556,0.8514404
F2-1,0.277295141,0.7415771
F2-1,0.098310104,1.194763
F2-1,0.180756602,0.920105
F2-1,0.329380626,0.5218506
F2-1,0.120191703,0.7141113
F2-1,0.122431886,0.4257202
F2-1,0.297276859,0.5493164
F2-1,0.205963529,0.5630493
F2-1,0.063121802,0.9887695
F2-1,0.155331173,1.538086
F2-1,0.222053619,0.5767822
F2-1,0.202061467,0.6591797
F2-1,0.190024695,0.453186
F2-1,0.133286288,0.2883911
F2-1,0.066151793,0.5767822
F2-1,0.198867525,0.9750366
F2-1,0.160259956,0.8514404
F2-1,0.061222337,0.8514404
F2-1,0.165785221,0.617981
F2-1,0.09331013,0.7965088
F2-1,0.0549943,0.617981
F2-1,0.182711879,1.167297
F2-1,0.132172781,1.112366
F2-1,0.154944686,0.6317139
F2-1,0.157053105,0.4806519
F2-1,0.105889051,0.453186
F2-1,0.111165695,0.4669189
F2-1,0.077194965,0.8377075
F2-1,0.090962726,0.5081177
F2-1,0.11367189,0.8926392
F2-1,0.186475126,0.5905151
F2-1,0.107319328,1.029968
F2-1,0.08013316,0.7827759
F2-1,0.049496508,0.7003784
F2-1,0.102019976,1.194763
F2-1,0.249221527,0.4257202
F2-1,0.142230836,0.7141113
F2-1,0.0591058,0.4943848
F2-1,0.058489798,0.769043
F2-1,0.084087519,0.6317139
F2-1,0.120207305,0.8789063
F2-1,0.110417513,0.3845215
F2-1,0.06139678,0.6866455
F2-1,0.025083762,0.5767822
F2-1,0.044095487,0.3433228
F2-2,0.039655168,0.8514404
F2-2,0.024299944,0.5905151
F2-2,0.025845121,1.455688
F2-2,0.01787979,0.453186
F2-2,0.016476453,0.8789063
F2-2,0.022301414,0.5630493
F2-2,0.01430677,0.4394531
F2-2,0.012086424,0.2609253
F2-2,0.014448334,0.3295898
F2-2,0.026928764,1.263428
F2-2,0.016999433,0.8514404
F2-2,0.031051884,0.7965088
F2-2,0.018059711,0.8239746
F2-2,0.019736526,1.579285
F2-2,0.009560869,0.4669189
F2-2,0.01907562,0.6591797
F2-2,0.01855985,1.043701
F2-2,0.014519398,1.029968
F2-2,0.019288758,0.5630493
F2-2,0.018778655,0.6317139
F2-2,0.010907968,0.5905151
F2-4,0.066022356,0.9063721
F2-4,0.028345662,1.029968
F2-4,0.046412975,0.5081177
F2-4,0.010531303,0.7003784
F2-4,0.049244239,0.9887695
F2-4,0.040420076,1.002502
F2-4,0.047022136,0.4394531
F2-4,0.048789133,0.604248
F2-4,0.028948912,0.4394531
F2-4,0.040303893,0.4943848
F2-4,0.02640664,0.4943848
F2-4,0.029932597,0.9338379
F2-4,0.03697725,0.5630493
F2-4,0.02378516,0.453186
F2-4,0.037378979,1.057434
F2-4,0.025976422,1.812744
F2-4,0.031410527,0.3982544
F2-4,0.040250205,0.5630493
F2-4,0.040499752,0.6591797
F2-4,0.015405419,0.4806519
F2-4,0.027946385,0.8789063
F2-4,0.024829332,0.5493164
F2-4,0.029119051,0.6591797
F2-4,0.027473229,0.4669189
F2-4,0.03964447,0.7553101
F2-4,0.017815604,0.7003784
F2-4,0.028994224,0.9475708
F2-4,0.025571607,1.387024
F2-4,0.022770291,0.5767822
F2-4,0.014553759,0.4119873
F2-4,0.020049503,0.769043
F2-4,0.015619762,1.002502
F2-4,0.011913573,1.057434
F2-4,0.025495091,0.4943848
F2-4,0.014273715,0.7141113
F2-4,0.029856081,0.6729126
F2-4,0.024184237,0.4257202
F2-4,0.012550358,0.7141113
F2-4,0.028373586,0.3707886
F2-4,0.01141929,0.5767822
F2-4,0.015441954,0.8789063
F2-4,0.025607605,0.6591797
F2-4,0.019148056,0.9338379
F2-4,0.005458043,0.3295898
F2-4,0.02583893,0.4119873
F2-4,0.043495436,0.3158569
F2-4,0.027771958,0.302124
F2-4,0.023845362,0.7827759
F2-4,0.018363201,0.2471924
F2-4,0.017262095,0.2471924
F2-4,0.012001534,0.7003784
F2-4,0.056526726,0.6866455
F2-4,0.056256188,0.7278442
F2-4,0.065560628,1.043701
F2-4,0.033463705,0.6866455
F2-4,0.050963519,0.8514404
F2-4,0.051111013,1.016235
F2-4,0.053192065,2.609253
F2-4,0.044058449,0.9613037
F2-4,0.057935191,0.6454468
F2-4,0.057226941,0.7415771
F2-4,0.035265381,0.9338379
F2-4,0.030354223,0.8239746
F2-4,0.04610973,0.6454468
F2-4,0.025642739,1.016235
F2-4,0.042606992,1.235962
F2-4,0.018333553,0.8789063
F2-4,0.024617706,0.7278442
F2-4,0.035728896,0.2197266
F2-4,0.032830912,1.153564
F2-4,0.015437558,0.9338379
F2-4,0.022318313,0.7278442
F2-4,0.028096459,0.6729126
F2-4,0.022938486,0.617981
F2-4,0.011141144,0.4806519
F2-4,0.024229327,1.043701
F2-4,0.032090077,0.6591797
F2-4,0.021485707,0.8651733
F2-4,0.001336916,0.4669189
F2-4,0.019209675,0.604248
F2-4,0.025249679,0.453186
F2-4,0.016507881,0.453186
F2-4,0.00554619,0.4257202
F2-4,0.017639048,0.5218506
F2-4,0.025299509,0.4119873
F2-4,0.017375768,0.4806519
F2-4,0.050140147,1.18103
F2-4,0.029317373,1.524353
F2-4,0.030549236,1.565552
F2-4,0.040999708,0.7827759
F2-4,0.022770692,1.826477
F2-4,0.038443548,1.043701
F2-4,0.027203343,1.579285
F2-4,0.044244784,1.153564
F2-4,0.017751559,1.400757
F2-4,0.02246191,1.579285
F2-4,0.034812721,0.6317139
F2-4,0.039802368,0.3433228
F2-4,0.019330259,0.3845215
F2-4,0.028866708,0.7141113
F2-4,0.038721127,1.235962
F2-4,0.023181409,0.8377075
F2-4,0.041592892,0.3570557
F2-4,0.045347371,0.3433228
F2-4,0.030151682,0.604248
F2-4,0.049062116,0.3158569
F2-4,0.020851238,0.6454468
F2-4,0.035488579,0.3433228
F2-4,0.029440902,0.5355835
F2-4,0.023945305,0.9338379
F2-4,0.023481874,0.7003784
F3-2,0.053787651,2.375793
F3-2,0.04647217,2.430725
F3-2,0.041858517,1.263428
F3-2,0.032525231,1.441956
F3-2,0.038427884,1.799011
F3-2,0.033865778,2.719116
F3-2,0.030239278,0.6317139
F3-2,0.028032615,1.194763
F3-2,0.038744625,1.428223
F3-2,0.03352978,1.029968
F3-2,0.035809382,1.51062
F3-2,0.025641411,0.9475708
F3-2,0.028728833,1.579285
F3-2,0.032680718,1.277161
F3-2,0.045987437,0.8102417
F3-2,0.034993948,0.769043
F3-2,0.031694391,1.194763
F3-2,0.027363499,1.016235
F3-2,0.03338747,0.1647949
F3-2,0.032790471,0.7415771
F3-2,0.024110584,0.8514404
F3-2,0.021135523,0.6866455
F3-2,0.03356413,0.9613037
F3-2,0.046477559,0.7827759
F3-2,0.024039287,0.3845215
F3-2,0.025857596,0.8239746
F3-2,0.03546517,1.126099
F3-2,0.039628828,0.7827759
F3-2,0.024311796,0.5355835
F3-2,0.035489731,0.5218506
F3-2,0.033519777,0.7278442
F3-2,0.03423565,0.7553101
F3-2,0.060705708,1.18103
F3-2,0.065286757,1.41449
F3-2,0.042353168,0.5767822
F3-2,0.070698864,0.6454468
F3-2,0.048163281,0.7141113
F3-2,0.038045008,1.071167
F3-2,0.040505369,0.7141113
F3-2,0.04659568,1.208496
F3-2,0.033976788,1.18103
F3-2,0.046260715,0.5493164
F3-2,0.031460812,1.167297
F3-2,0.033280729,2.334595
F3-2,0.025190561,0.6729126
F3-2,0.011792422,1.098633
F3-2,0.036542242,1.277161
F3-2,0.026749621,0.6591797
F3-2,0.041759884,0.4669189
F3-2,0.058717622,0.302124
F3-2,0.052180365,0.617981
F3-2,0.029742046,0.617981
F3-2,0.035391688,0.8789063
F3-2,0.035831349,0.5493164
F3-2,0.029252562,0.6317139
F3-2,0.027342478,0.6591797
F3-2,0.036762972,0.8239746
F3-2,0.02753432,0.5493164
F3-2,0.058108084,0.2746582
F3-2,0.037821494,0.6866455
F3-2,0.036324069,0.5767822
F3-2,0.041876583,0.3982544
F3-2,0.028159391,0.4669189
F3-2,0.040424645,0.5493164
F3-2,0.036186312,0.5218506
F3-2,0.042368103,0.6317139
F3-2,0.02400938,0.302124
F3-2,0.037823662,0.3845215
F3-2,0.073481446,0.8789063
F3-2,0.046928504,0.6866455
F3-2,0.05498128,1.208496
F3-2,0.049071388,0.8239746
F3-2,0.060866159,1.359558
F3-2,0.039853316,1.60675
F3-2,0.054614779,0.920105
F3-2,0.053934334,1.277161
F3-2,0.028375132,1.208496
F3-2,0.042937479,0.7965088
F3-2,0.019106828,1.318359
F3-2,0.043239409,0.8651733
F3-2,0.037993024,1.730347
F3-2,0.029278603,0.5355835
F3-2,0.039563594,0.453186
F3-2,0.035588947,0.8102417
F3-2,0.021504632,0.4394531
F3-2,0.01378992,0.8102417
F3-2,0.040334438,1.139832
F3-2,0.02280013,0.7003784
F3-2,0.031894686,1.483154
F3-2,0.037099235,0.6317139
F3-2,0.023329506,0.9338379
F3-2,0.040600087,0.453186
F3-2,0.026516156,0.3570557
F3-2,0.027402982,1.098633
F3-2,0.025477532,1.029968
F3-2,0.035786218,1.029968
F3-2,0.020735891,0.453186
F3-2,0.01720634,0.7827759
F3-2,0.028007271,0.920105
F3-2,0.022749085,0.3845215
F3-2,0.034040056,0.6729126
F3-2,0.031065769,0.7553101
F3-2,0.012048033,0.7003784
F3-2,0.023109897,0.5905151
F3-2,0.030197928,1.071167
F3-2,0.033074154,0.5905151
F3-2,0.019289829,0.4669189
F3-2,0.023452921,0.3158569
F3-2,0.040560814,0.4943848
F3-2,0.023227266,0.8926392
F3-2,0.031716618,0.4806519
F3-2,0.026162619,0.3158569
F3-2,0.058807238,1.469421
F3-2,0.049723188,1.455688
F3-2,0.059760903,1.290894
F3-2,0.052760365,2.293396
F3-2,0.045569668,0.4669189
F3-2,0.039345481,1.208496
F3-2,0.057360447,1.661682
F3-2,0.041255483,1.455688
F3-2,0.038942018,0.9613037
F3-2,0.042744976,1.304626
F3-2,0.037342317,0.4943848
F3-2,0.02602526,0.3570557
F3-2,0.03953946,1.139832
F3-2,0.031377278,1.799011
F3-2,0.048388657,1.524353
F3-2,0.036560202,1.0849
F3-2,0.045808631,1.112366
F3-2,0.036560899,0.9887695
F3-2,0.049852811,0.9063721
F3-2,0.02397831,1.785278
F3-2,0.029148091,1.538086
F3-2,0.02793219,0.9063721
F3-2,0.040755954,0.8789063
F3-2,0.026874558,0.617981
F3-2,0.049329187,0.4257202
F3-2,0.029605007,0.6454468
F3-2,0.035844525,0.4806519
F3-2,0.028707522,1.126099
F3-2,0.029285023,0.920105
F3-2,0.024358566,0.6729126
F3-2,0.028519088,0.6591797
F3-2,0.035709006,0.453186
F3-2,0.017646213,1.112366
F3-2,0.011178741,0.3158569
F3-2,0.056221497,0.4119873
F3-2,0.024058945,0.3845215
F3-2,0.03379445,0.5767822
F3-2,0.020932393,0.2609253
F3-2,0.014297619,0.2746582
F3-2,0.030847007,0.5905151
F3-2,0.068224212,1.60675
F3-2,0.082199655,1.345825
F3-2,0.069955357,1.620483
F3-2,0.05221483,1.0849
F3-2,0.059771283,1.098633
F3-2,0.056693933,0.8651733
F3-2,0.058758173,0.7415771
F3-2,0.05618605,0.920105
F3-2,0.06081703,1.771545
F3-2,0.054327589,1.675415
F3-2,0.050389317,0.8102417
F3-2,0.053466089,0.8102417
F3-2,0.04617125,1.153564
F3-2,0.045466717,0.4669189
F3-2,0.038823469,1.002502
F3-2,0.050033536,0.4119873
F3-2,0.026553975,1.0849
F3-2,0.029178653,1.139832
F3-2,0.039303291,0.5905151
F3-2,0.034058709,0.7415771
F3-2,0.023664932,0.8514404
F3-2,0.031879629,0.8377075
F3-2,0.035351824,0.8377075
F3-2,0.030823378,1.139832
F3-2,0.046293513,0.8789063
F3-2,0.031142196,0.4943848
F3-2,0.025867274,1.524353
F3-2,0.030487436,1.057434
F3-2,0.037446805,0.7141113
F3-2,0.043041575,0.6866455
F3-2,0.015647195,0.9613037
F3-2,0.043756221,0.5081177
F3-2,0.026587434,0.3570557
F3-2,0.037581217,0.2471924
F3-2,0.05506662,0.3707886
F3-2,0.03514808,0.6729126
F3-2,0.025682955,0.8926392
F3-2,0.024580762,1.098633
F3-2,0.040462566,0.5767822
F3-2,0.032442326,0.5355835
F3-2,0.028503262,0.769043
F3-2,0.035211961,0.3845215
F3-2,0.015391292,0.2746582
F3-2,0.023869635,0.4669189
F3-2,0.026917235,0.7553101
F3-2,0.031727582,0.2883911
F3-2,0.03998949,0.302124
F3-2,0.014013212,0.4257202
F3-2,0.029020094,0.2059937
F3-4,0.07152677,1.194763
F3-4,0.085646113,1.167297
F3-4,0.048744986,1.167297
F3-4,0.047700259,0.9750366
F3-4,0.046263223,1.029968
F3-4,0.067430407,0.7827759
F3-4,-0.003995554,0.5630493
F3-4,0.047952115,1.194763
F3-4,0.040456401,1.18103
F3-4,0.060576163,1.112366
F3-4,0.068044687,0.7827759
F3-4,0.055780764,0.7965088
F3-4,0.060699586,0.6317139
F3-4,0.044631272,0.7141113
F3-4,0.012905356,1.895142
F3-4,0.033003296,0.9063721
F3-4,0.066256288,0.6591797
F3-4,0.038354675,0.6729126
F3-4,-0.00717015,1.098633
F3-4,0.049710711,0.151062
F3-4,0.035273059,0.4669189
F3-4,0.039159217,0.5630493
F3-4,0.061486017,1.950073
F3-4,0.052857203,1.93634
F3-4,0.046172952,0.9338379
F3-4,0.040455674,0.6454468
F3-4,0.054048434,0.9338379
F3-4,0.0330533,1.112366
F3-4,0.044783626,0.7827759
F3-4,0.043809528,1.304626
F3-4,0.02841487,0.5081177
F3-4,0.024111731,0.7278442
F3-4,0.030858146,1.208496
F3-4,0.035045695,0.8377075
F3-4,0.03765423,1.290894
F3-4,-0.003939793,1.524353
F3-4,0.034474038,0.4669189
F3-4,0.047862294,0.6454468
F3-4,0.057591271,0.7415771
F3-4,0.027385306,1.538086
F3-4,0.046444553,0.8789063
F3-4,0.031616729,0.5355835
F3-4,0.027230852,1.373291
F3-4,0.02303406,0.5493164
F3-4,0.034044468,0.453186
F3-4,0.031481213,0.7415771
F3-4,0.040394587,0.5630493
F3-4,0.044438479,0.6317139
F3-4,0.019205622,0.4119873
F3-4,0.015479261,0.4119873
F3-4,0.016049953,0.5630493
F3-4,0.059009265,0.920105
F3-4,0.065045768,0.9475708
F3-4,0.074242491,0.453186
F3-4,0.04842953,1.112366
F3-4,0.063579038,0.6729126
F3-4,0.061672019,0.9750366
F3-4,0.060719515,0.5767822
F3-4,0.015051389,1.290894
F3-4,0.04904639,0.8377075
F3-4,0.046502005,1.153564
F3-4,0.060551674,1.0849
F3-4,0.056106836,0.5767822
F3-4,0.049147552,0.4257202
F3-4,0.041284885,0.8377075
F3-4,0.033227107,1.60675
F3-4,0.047493656,1.455688
F3-4,0.034020312,0.5767822
F3-4,0.042194837,0.7553101
F3-4,0.061654334,0.6591797
F3-4,0.064950312,0.6729126
F3-4,0.03648708,0.9887695
F3-4,0.023246543,0.5081177
F3-4,0.036292691,0.4943848
F3-4,0.061527834,0.8926392
F3-4,0.049766979,0.4394531
F3-4,0.021243015,0.5081177
F3-4,0.028700018,1.0849
F3-4,0.036505987,0.6591797
F3-4,0.042605123,0.5767822
F3-4,0.058201942,0.3982544
F3-4,0.027753341,1.0849
F3-4,0.037175187,0.4394531
F3-4,0.038332756,0.8926392
F3-4,0.036653725,0.5905151
F3-4,0.048507846,0.3433228
F3-4,0.03426761,0.4394531
F3-4,0.031805837,0.9338379
F3-4,0.036622412,0.4394531
F3-4,0.029552231,0.5493164
F3-4,0.056512419,0.3845215
F3-4,0.0309171,0.4669189
F3-4,0.031686948,0.5905151
F3-4,0.019717474,0.3982544
F3-4,-0.003715306,0.9338379
F3-4,-0.000586434,0.4257202
F4-1,0.17892236,1.60675
F4-1,0.259777696,2.087402
F4-1,0.192341935,1.400757
F4-1,0.288059456,0.8926392
F4-1,0.177551985,2.156067
F4-1,0.063600871,0.8651733
F4-1,0.176028503,0.7003784
F4-1,0.125622735,1.167297
F4-1,0.120447455,0.7003784
F4-1,0.128848442,1.153564
F4-1,0.078275064,0.9338379
F4-1,0.067593379,1.60675
F4-1,0.080921077,0.4394531
F4-1,0.15023541,0.3845215
F4-1,0.223896397,1.647949
F4-1,0.108730298,1.071167
F4-1,0.172800457,1.387024
F4-1,0.11478563,1.359558
F4-1,0.099897408,1.702881
F4-1,0.072204793,0.769043
F4-1,0.231776766,0.617981
F4-1,0.090212463,1.098633
F4-1,0.19132623,1.235962
F4-1,0.139273443,1.139832
F4-1,0.105803192,0.9613037
F4-1,0.16641589,1.538086
F4-1,0.220570706,1.18103
F4-1,0.094437286,1.483154
F4-1,0.108620489,0.8514404
F4-1,0.140417311,1.029968
F4-1,0.090600534,0.8239746
F4-1,0.175799904,0.8789063
F4-1,0.12081782,1.799011
F4-1,0.223114987,1.016235
F4-1,0.105008006,0.7003784
F4-1,0.140418071,0.7965088
F4-1,0.240564429,0.604248
F4-1,0.119596837,0.3707886
F4-1,0.185079504,0.7278442
F4-1,0.079096827,1.950073
F4-1,0.124565986,0.617981
F4-1,0.203393883,0.3845215
F4-2,0.036286268,1.565552
F4-2,0.03997007,1.139832
F4-2,0.033756873,1.318359
F4-2,0.036379219,2.005005
F4-2,0.034351076,2.128601
F4-2,0.02715131,1.057434
F4-2,0.047467788,0.920105
F4-2,0.035408728,1.496887
F4-2,0.033147621,1.112366
F4-2,0.03257652,1.400757
F4-2,0.040779634,0.9475708
F4-2,0.020603144,1.043701
F4-2,0.038028301,1.647949
F4-2,0.03314229,1.620483
F4-2,0.027299061,0.920105
F4-2,0.025789626,1.153564
F4-2,0.025223224,0.9887695
F4-2,0.02688114,0.5355835
F4-2,0.025694897,0.7003784
F4-2,0.024150676,1.126099
F4-2,0.026071159,1.359558
F4-2,0.025643179,1.908875
F4-2,0.021924343,0.8789063
F4-2,0.033658782,0.8377075
F4-2,0.026537072,0.6591797
F4-2,0.02258589,0.8651733
F4-2,0.014597379,0.453186
F4-2,0.020878638,1.029968
F4-2,0.014884734,1.18103
F4-2,0.027060904,0.4806519
F4-2,0.031434756,1.318359
F4-2,0.014143422,0.769043
F4-2,0.025739292,1.400757
F4-2,0.010389307,1.277161
F4-2,0.021758443,0.2334595
F4-2,0.022437549,0.6591797
F4-2,0.021584537,0.769043
F4-2,0.025137382,0.7415771
F4-2,0.011293381,0.7553101
F4-2,0.006905254,0.4943848
F4-2,0.026679618,0.6866455
F4-2,0.024945356,0.7003784
F4-2,0.015543103,0.5218506
F4-2,0.015946424,0.3845215
F4-2,0.022465598,1.071167
F4-2,0.023330159,0.7415771
F4-2,0.013078773,0.3845215
F4-2,0.015838654,0.5493164
F4-2,0.009648832,0.302124
F4-2,0.018639845,0.5767822
F4-2,0.020225428,0.5081177
F4-2,0.007244159,0.3295898
F4-2,0.014869549,0.3570557
F4-2,0.02455152,0.3982544
F4-2,0.014161661,0.604248
F4-2,0.036851203,2.005005
F4-2,0.032791796,0.4943848
F4-2,0.037026437,1.634216
F4-2,0.039337812,1.579285
F4-2,0.031073111,1.112366
F4-2,0.039394104,1.647949
F4-2,0.041103814,0.9338379
F4-2,0.046051748,0.6729126
F4-2,0.038842129,0.2609253
F4-2,0.024573422,1.373291
F4-2,0.027230726,0.920105
F4-2,0.026213748,1.647949
F4-2,0.022241279,1.043701
F4-2,0.038446625,0.4669189
F4-2,0.036004056,0.3982544
F4-2,0.029358498,0.8239746
F4-2,0.030662562,1.071167
F4-2,0.02901664,0.1922607
F4-2,0.033783046,1.400757
F4-2,0.023579139,0.9750366
F4-2,0.019820988,0.4669189
F4-2,0.028430641,0.8377075
F4-2,0.02814197,1.029968
F4-2,0.033880718,1.702881
F4-2,0.011025103,0.4806519
F4-2,0.027297914,1.208496
F4-2,0.012652197,0.8789063
F4-2,0.032097778,0.5493164
F4-2,0.016131454,1.400757
F4-2,0.024814881,0.7415771
F4-2,0.031202187,0.6866455
F4-2,0.021923824,0.617981
F4-2,0.014275764,0.8789063
F4-2,0.023969561,0.3295898
F4-2,0.01953282,0.9338379
F4-2,0.013199092,0.7003784
F4-2,0.030922348,0.7415771
F4-2,0.009135172,0.920105
F4-2,0.021973221,0.4943848
F4-2,0.010105281,0.4669189
F4-2,0.029729616,0.7003784
F4-2,0.026169861,0.617981
F4-2,0.013606991,0.3433228
F4-2,0.02049642,0.3707886
F4-2,0.015661188,0.5081177
F4-2,0.023302604,0.4257202
F4-2,0.014502193,0.3707886
F4-2,0.004042902,0.3158569
F4-2,0.015151934,0.3570557
F4-2,0.008346058,0.8926392
F4-2,0.014261821,0.3570557
F4-2,0.017105349,0.3982544
F4-2,0.01415422,0.3845215
F4-2,0.011538908,0.2334595
F4-2,0.034594715,1.043701
F4-2,0.046058247,1.565552
F4-2,0.03938019,0.7827759
F4-2,0.039057589,0.9750366
F4-2,0.035194645,0.9475708
F4-2,0.025600299,1.043701
F4-2,0.021899703,0.7003784
F4-2,0.03056659,1.18103
F4-2,0.030533027,0.8651733
F4-2,0.024813144,0.9613037
F4-2,0.01901525,1.0849
F4-2,0.028007075,1.18103
F4-2,0.026636311,0.9750366
F4-2,0.024133676,1.18103
F4-2,0.028557906,1.057434
F4-2,0.013064148,1.222229
F4-2,0.032130958,0.7553101
F4-2,0.010314791,0.769043
F4-2,0.022430251,0.6317139
F4-2,0.01868266,0.7827759
F4-2,0.01642631,1.469421
F4-2,0.01589287,0.604248
F4-2,0.020774904,0.617981
F4-2,0.024327176,0.7003784
F4-2,0.015793134,0.8239746
F4-2,0.018031959,0.7003784
F4-2,0.003702602,0.5218506
F4-2,0.021396747,0.5905151
F4-2,0.009561579,0.5081177
F4-2,0.023577079,0.6591797
F4-2,0.015638214,0.9750366
F4-2,0.016607014,0.7278442
F4-2,0.011093505,0.604248
F4-2,0.013842765,0.4394531
F4-3,0.292649985,1.74408
F4-3,0.149370778,1.74408
F4-3,0.148329007,1.853943
F4-3,0.183676412,1.290894
F4-3,0.141951133,0.7965088
F4-3,0.131660835,2.018738
F4-3,0.119668055,1.675415
F4-3,0.14169292,0.9887695
F4-3,0.114450787,0.8651733
F4-3,0.163739267,1.579285
F4-3,0.19772882,1.716614
F4-3,0.073729307,1.139832
F4-3,0.075622669,1.139832
F4-3,0.118043301,0.4806519
F4-3,0.199620274,0.6729126
F4-3,0.149102343,1.139832
F4-3,0.181391399,1.194763
F4-3,0.146555086,0.7141113
F4-3,0.004669779,0.453186
F5-1,0.021390344,0.4943848
F5-1,0.098545063,1.620483
F5-1,0.057591551,0.7141113
F5-1,0.091962031,2.59552
F5-1,0.069713654,1.263428
F5-1,0.092431704,0.3982544
F5-1,0.112578721,1.785278
F5-1,0.027493048,0.7278442
F5-1,0.067173903,1.538086
F5-1,0.092572471,2.114868
F5-1,0.107770526,1.400757
F5-1,0.095482358,1.867676
F5-1,0.119224584,1.387024
F5-1,0.098912978,2.252197
F5-1,0.119045711,1.579285
F5-1,0.088637986,0.2197266
F5-1,0.100160877,1.441956
F5-1,0.092131574,2.677917
F5-1,0.08552214,1.359558
F5-1,0.095637097,3.076172
F5-1,0.088355284,0.8926392
F5-1,0.089629003,1.235962
F5-1,0.126316979,0.3158569
F5-1,0.069761706,1.496887
F5-1,0.075309567,1.730347
F5-1,0.1419769,1.538086
F5-1,0.097183729,2.018738
F5-1,0.091682603,0.8514404
F5-1,0.091512961,0.5355835
F5-1,0.089674677,1.222229
F5-1,0.062463458,1.60675
F5-1,0.026922717,1.222229
F5-1,0.1020608,0.6454468
F5-1,0.036986412,0.9475708
F5-1,0.050810737,1.359558
F5-1,0.088579333,0.4669189
F5-1,0.005027906,0.8377075
F5-1,-0.005009224,0.604248
F5-1,0.068719601,0.7415771
F5-1,0.035586236,0.6866455
F5-1,0.034022311,0.3295898
F5-1,0.046914869,1.002502
F5-1,0.160870007,1.057434
F5-1,0.096546523,1.524353
F5-1,0.065876772,0.7415771
F5-1,-0.006634439,0.617981
F5-1,0.084610011,0.9338379
F5-1,0.087965961,0.7965088
F5-1,0.069528107,0.8926392
F5-1,0.039688191,0.5905151
F5-1,0.085213772,0.4257202
F5-1,0.039700375,0.3570557
F5-1,0.068895412,1.496887
F5-1,0.043984324,1.332092
F5-1,0.159615237,0.5767822
F5-1,0.033837796,0.3982544
F5-1,0.067888008,0.5218506
F5-1,0.064445131,0.604248
F5-1,0.196571484,1.565552
F5-1,-0.005058375,1.167297
F5-1,-0.004795763,0.604248
F5-1,0.100885408,0.8926392
F5-1,0.074708142,0.302124
F5-1,0.010349437,0.3982544
F5-1,0.009675388,0.2883911
F5-1,-0.001434649,1.41449
F5-1,-0.008580903,0.9750366
F5-1,0.044074478,1.057434
F5-1,-0.004071716,0.769043
F5-1,-0.001428857,0.5493164
F5-1,-0.002802589,1.771545
F5-1,-0.001325433,1.771545
F5-1,-0.0023322,1.071167
F5-1,-0.004531041,1.455688
F5-1,-0.000280417,0.7141113
F5-1,-0.000246893,1.455688
F5-1,0.06233862,0.3433228
F5-1,-0.003560626,1.029968
F5-1,-0.008026214,0.5081177
F5-1,-0.005486953,0.5081177
F5-1,-0.002852151,0.2197266
F5-1,-0.005348615,0.3982544
F5-1,-0.005227057,0.604248
F5-1,0.035472769,0.2334595
F5-2,0.048598252,2.018738
F5-2,0.039592885,1.194763
F5-2,0.039678894,1.441956
F5-2,0.038162839,1.977539
F5-2,0.009388519,1.043701
F5-2,0.032600937,1.194763
F5-2,0.028742327,0.3982544
F5-2,0.028725442,0.4943848
F5-2,0.028156636,1.0849
F5-2,0.030448631,0.7553101
F5-2,0.033600478,1.387024
F5-2,0.026164425,0.9750366
F5-2,0.033478513,1.565552
F5-2,0.031781619,0.9750366
F5-2,0.048378377,0.2883911
F5-2,0.044845075,0.6591797
F5-2,0.04314115,0.9063721
F5-2,0.028732868,1.029968
F5-2,0.031216746,1.524353
F5-2,0.019308206,0.9475708
F5-2,0.026882742,1.18103
F5-2,0.035479617,1.304626
F5-2,0.033297357,0.5081177
F5-2,0.026123201,0.8514404
F5-2,0.024919236,1.387024
F5-2,0.018225674,0.3845215
F5-2,0.025035846,1.332092
F5-2,0.034903767,1.098633
F5-2,0.024115253,0.6591797
F5-2,0.033971216,1.41449
F5-2,0.024343468,0.8102417
F5-2,0.031930166,1.290894
F5-2,0.030584815,0.151062
F5-2,0.023306535,0.9613037
F5-2,0.028766888,1.249695
F5-2,0.025795746,0.7553101
F5-2,0.025253427,1.400757
F5-2,0.036561557,0.3707886
F5-2,0.018123838,1.235962
F5-2,0.016452894,0.7827759
F5-2,0.032621637,0.1785278
F5-2,0.025390486,0.2471924
F5-2,0.017389241,0.7278442
F5-2,0.027450505,0.4257202
F5-2,0.013672617,0.8377075
F5-2,0.012810905,0.6454468
F5-2,0.024321132,0.6591797
F5-2,0.027224216,1.126099
F5-2,0.026004843,0.7141113
F5-2,0.024804744,1.057434
F5-2,0.019570414,0.9887695
F5-2,0.013612564,0.6866455
F5-2,0.023835679,1.167297
F5-2,0.02568939,0.4943848
F5-2,0.02080332,0.8651733
F5-2,0.014534655,0.5355835
F5-2,0.02420633,1.400757
F5-2,0.021423931,0.9475708
F5-2,0.012057899,0.5905151
F5-2,0.029530736,1.208496
F5-2,0.011466522,0.7553101
F5-2,0.017925062,0.8514404
F5-2,0.015937782,0.5218506
F5-2,0.015471989,0.8239746
F5-2,0.020463399,0.453186
F5-2,0.010603132,0.6729126
F5-2,0.019498058,0.8926392
F5-2,0.011199558,0.453186
F5-2,0.007184837,0.7965088
F5-2,0.015769925,0.604248
F5-2,0.023020592,0.4394531
F5-2,0.007675908,0.6454468
F5-2,0.026385731,0.453186
F5-2,-0.002517502,0.4669189
F5-2,0.012303719,0.4943848
F5-2,0.004710409,0.8102417
F5-2,0.006695915,0.4119873
F5-2,0.007268641,0.5905151
F5-2,0.00965352,0.7827759
F5-2,0.039811116,1.867676
F5-2,0.04065887,2.664185
F5-2,0.042650527,1.647949
F5-2,0.033218883,1.647949
F5-2,0.056550379,0.617981
F5-2,0.044279483,1.235962
F5-2,0.040182534,1.043701
F5-2,0.039842572,0.3295898
F5-2,0.041343555,0.9887695
F5-2,0.035277823,1.071167
F5-2,0.03741326,1.702881
F5-2,0.031795822,0.4394531
F5-2,0.034554591,0.9475708
F5-2,0.034758095,1.620483
F5-2,0.032882667,1.277161
F5-2,0.025242333,1.167297
F5-2,0.036693777,1.071167
F5-2,0.027639569,0.9750366
F5-2,0.039029342,0.2883911
F5-2,0.034344077,1.524353
F5-2,0.02653276,1.043701
F5-2,0.02631891,1.496887
F5-2,0.02654777,0.8926392
F5-2,0.028095768,1.483154
F5-2,0.022599328,1.098633
F5-2,0.02411864,0.2471924
F5-2,0.023605913,1.332092
F5-2,0.020776414,1.029968
F5-2,0.020008247,0.1922607
F5-2,0.024415293,0.9338379
F5-2,0.019300076,0.7003784
F5-2,0.01517402,0.6454468
F5-2,0.020764803,0.8926392
F5-2,0.024009176,0.8239746
F5-2,0.022561624,0.453186
F5-2,0.030817408,0.3433228
F5-2,0.028413002,0.5493164
F5-2,0.029961654,0.7553101
F5-2,0.022068277,0.7553101
F5-2,0.019318705,0.4669189
F5-2,0.010846781,0.8651733
F5-2,0.018533982,0.920105
F5-2,0.015984017,1.029968
F5-2,0.011188799,0.9613037
F5-2,0.021832098,0.4943848
F5-2,0.017128801,1.290894
F5-2,0.015689944,0.9887695
F5-2,0.016958118,0.3158569
F5-2,0.008624698,0.3845215
F5-2,0.026528212,0.4394531
F5-2,0.017064807,0.7553101
F5-2,0.018292891,0.5905151
F5-2,0.013853926,0.5081177
F5-2,0.015928384,1.057434
F5-2,0.016725835,0.617981
F5-2,0.016313654,0.8377075
F5-2,0.025959147,0.5355835
F5-2,0.021452837,0.5905151
F5-2,0.011610455,0.1647949
F5-2,0.020103412,0.7003784
F5-2,0.019190376,0.3707886
F5-2,0.022157693,0.4943848
F5-2,0.020284205,0.6454468
F5-2,0.009436141,0.8514404
F5-2,0.016137299,0.7415771
F5-2,0.025301662,0.4806519
F5-2,0.006899702,0.5218506
F5-2,0.012883374,0.2197266
F5-2,0.022116454,0.3158569
F5-2,0.014297808,0.1922607
F5-2,0.008392076,0.5081177
F5-3,0.054728709,1.332092
F5-3,0.073642349,1.153564
F5-3,0.082112441,0.6454468
F5-3,0.070623761,0.9475708
F5-3,0.027207929,0.7278442
F5-3,0.032674335,0.3158569
F5-3,0.063555028,0.8239746
F5-3,0.022643487,1.387024
F5-3,0.029589257,0.9887695
F5-3,0.065157069,0.5355835
F5-3,0.02530948,0.8102417
F5-3,0.023671307,0.4806519
F5-3,0.071541311,1.387024
F5-3,0.065870566,0.7827759
F5-3,0.035057589,0.4943848
F5-3,0.035388664,0.3982544
F5-3,0.010418903,0.6729126
F5-3,0.077315422,0.7827759
F5-3,0.013060166,0.6591797
F5-3,0.047281779,0.453186
F5-3,0.01745786,0.5081177
F5-3,0.011934276,0.7827759
F5-3,0.0441432,0.8514404
F5-3,0.046164899,0.604248
F5-3,0.038939584,0.8239746
F5-3,0.04568307,0.9613037
F5-3,0.031757644,0.5905151
F5-3,0.014185653,0.2471924
F5-3,0.042999882,0.4257202
F5-3,0.013913841,0.5355835
F5-3,0.020072952,0.2883911
F5-3,0.043102304,1.853943
F5-3,0.056609661,1.057434
F5-3,0.031530775,1.318359
F5-3,0.049777724,0.9750366
F5-3,0.037722466,1.016235
F5-3,0.063209875,0.7141113
F5-3,0.016692582,1.496887
F5-3,0.07068695,0.9338379
F5-3,0.013859673,0.8514404
F5-3,0.024859672,1.455688
F5-3,0.035075705,1.153564
F5-3,0.022767948,0.302124
F5-3,0.042328763,1.153564
F5-3,0.033036381,0.9613037
F5-3,0.042673021,0.8514404
F5-3,0.021141682,0.3845215
F5-3,0.029497109,0.4943848
F5-3,0.026300695,0.4669189
F5-4,0.043674594,1.139832
F5-4,0.036622882,0.9887695
F5-4,0.043029035,1.153564
F5-4,0.026374302,0.8926392
F5-4,0.025791621,0.8102417
F5-4,0.029559231,0.4669189
F5-4,0.020707104,0.6591797
F5-4,0.039053675,0.6866455
F5-4,0.026945185,0.2197266
F5-4,0.02303406,0.6317139
F5-4,0.046268112,2.348328
F5-4,0.032814651,1.016235
F5-4,0.040270414,1.716614
F5-4,0.042848617,1.18103
F5-4,0.031499166,1.002502
F5-4,0.039994349,0.4257202
F5-4,0.040068862,0.5081177
F5-4,0.020973197,1.290894
F5-4,0.018008599,0.8377075
F5-4,0.030470945,0.5905151
F5-4,0.041715783,0.7965088
F5-4,0.015779985,1.002502
F6-1,0.104492687,2.911377
F6-1,0.115780626,1.455688
F6-1,0.133862983,0.6866455
F6-1,0.073022872,0.4119873
F6-1,0.071618286,1.359558
F6-1,0.078866291,0.4257202
F6-1,0.065312417,0.7003784
F6-1,0.073379941,1.071167
F6-1,0.077889943,1.071167
F6-1,0.108539454,2.101135
F6-1,0.071214622,0.920105
F6-1,0.073274595,1.496887
F6-1,0.059432966,0.5493164
F6-1,0.063361578,0.604248
F6-1,0.069651581,1.098633
F6-1,0.06695004,0.8239746
F6-1,0.062564757,1.016235
F6-1,0.054876662,0.6866455
F6-1,0.066452251,1.112366
F6-1,0.074751849,1.071167
F6-1,0.056763313,1.18103
F6-1,0.057851127,0.1647949
F6-1,0.024287015,0.4669189
F6-1,0.058388763,0.920105
F6-1,0.048824701,1.071167
F6-1,0.048617719,0.4257202
F6-1,0.05287918,0.4943848
F6-1,0.053994299,0.1785278
F6-1,0.065022941,0.769043
F6-1,0.060319441,0.8789063
F6-1,0.03589904,1.290894
F6-1,0.05036152,1.016235
F6-1,0.020239001,0.6729126
F6-1,0.031454717,0.8514404
F6-1,0.054447334,0.6729126
F6-1,0.029339372,0.920105
F6-1,0.040476555,0.8102417
F6-1,0.035723656,0.4394531
F6-1,0.050074109,0.8651733
F6-1,0.038940586,0.5630493
F6-1,0.015567267,0.9338379
F6-1,0.07261612,0.5355835
F6-1,0.047002332,0.617981
F6-1,0.032853555,0.920105
F6-1,0.038136934,0.6317139
F6-1,0.039465406,0.7003784
F6-1,0.037101326,0.4119873
F6-1,0.029112278,0.7003784
F6-1,0.032259015,0.5905151
F6-1,0.043051301,0.4943848
F6-1,0.039179675,0.5218506
F6-1,0.018913618,0.4669189
F6-1,0.017132188,0.3845215
F6-1,0.022322426,0.3845215
F6-1,0.113865826,2.650452
F6-1,0.112721057,2.142334
F6-1,0.059759549,1.634216
F6-1,0.091923788,0.8514404
F6-1,0.104995869,1.400757
F6-1,0.099756089,2.114868
F6-1,0.11583515,1.263428
F6-1,0.093625265,2.018738
F6-1,0.11151611,0.5081177
F6-1,0.100305718,1.812744
F6-1,0.102328334,0.3158569
F6-1,0.129957364,1.235962
F6-1,0.106860087,1.730347
F6-1,0.091352411,1.208496
F6-1,0.107805833,0.7553101
F6-1,0.12040891,0.2334595
F6-1,0.089201626,1.194763
F6-1,0.083660627,1.222229
F6-1,0.106694249,0.5218506
F6-1,0.081436384,2.183533
F6-1,0.099904486,0.3158569
F6-1,0.07938484,0.6454468
F6-1,0.090107242,0.8514404
F6-1,0.082880513,1.524353
F6-1,0.070247423,0.9613037
F6-1,0.082701633,0.7553101
F6-1,0.081426718,0.9475708
F6-1,0.093951467,0.617981
F6-1,0.073186393,0.5218506
F6-1,0.047323312,1.139832
F6-1,0.056790251,2.334595
F6-1,0.078865982,0.8651733
F6-1,0.092488366,0.7827759
F6-1,0.101043447,1.304626
F6-1,0.069735869,0.617981
F6-1,0.08899822,1.373291
F6-1,0.073287609,0.7965088
F6-1,0.064306965,1.235962
F6-1,0.068666397,1.290894
F6-1,0.06608864,0.7141113
F6-1,0.047180212,0.8102417
F6-1,0.06833886,0.7003784
F6-1,0.049868745,1.043701
F6-1,0.064251674,0.7415771
F6-1,0.02700901,0.6866455
F6-1,0.061776887,0.3158569
F6-1,0.066535031,0.6591797
F6-1,0.033057956,1.126099
F6-1,0.051266075,0.617981
F6-1,0.046536479,0.1785278
F6-1,0.031304919,0.453186
F6-1,0.050183621,1.071167
F6-1,0.06198621,0.6454468
F6-1,0.049838626,1.222229
F6-1,0.047008814,1.702881
F6-1,0.04099751,0.8514404
F6-1,0.063581463,0.9338379
F6-1,0.036746666,0.6454468
F6-1,0.059429807,0.5767822
F6-1,0.036549887,1.126099
F6-1,0.025258322,0.7141113
F6-1,0.035009197,0.5767822
F6-1,0.032236855,0.6454468
F6-1,0.012280479,0.5355835
F6-1,0.038459236,1.469421
F6-1,0.04255986,0.8514404
F6-1,0.030404217,0.920105
F6-1,0.05602963,0.7278442
F6-1,0.040020523,0.8789063
F6-1,0.029417115,0.3982544
F6-1,0.045808857,0.1922607
F6-1,0.057455726,0.5767822
F6-1,0.045585262,0.7003784
F6-1,0.026681464,0.5905151
F6-1,0.027702588,0.5355835
F6-1,0.044211718,0.4806519
F6-1,0.050487047,1.043701
F6-1,0.01866731,0.5493164
F6-1,0.056657034,0.4806519
F6-1,0.031204737,0.2746582
F6-1,0.026348491,0.2197266
F6-1,0.026973764,0.4257202
F6-1,0.049616378,0.4669189
F6-1,0.04057833,0.5767822
F6-2,-0.001520689,1.359558
F6-2,-0.005125687,0.604248
F6-2,0.046063738,0.5905151
F6-2,0.044200276,0.9887695
F6-2,0.063690526,0.2471924
F6-2,0.064073914,0.151062
F6-2,0.052351551,0.8239746
F6-2,0.045082921,0.9750366
F6-2,0.036119934,0.5905151
F6-2,0.025391209,0.7827759
F6-2,0.033570926,0.4943848
F6-2,0.029800885,0.6729126
F6-2,0.041328116,0.5218506
F6-2,0.033014092,0.4257202
F6-2,0.020521675,0.7553101
F6-2,0.016477823,1.332092
F6-2,0.026885483,0.7827759
F6-2,0.014526924,0.7827759
F6-2,0.024867468,0.4806519
F6-2,0.059089667,1.139832
F6-2,0.033539383,1.029968
F6-2,0.039769933,0.4806519
F6-2,0.034653927,0.617981
F6-2,0.033108626,0.3570557
F6-2,0.033771813,1.359558
F6-2,0.032071484,0.4394531
F6-2,0.015142486,1.235962
F6-2,0.018052728,0.7965088
F6-2,0.011106687,0.453186
F6-2,0.02085064,0.3982544
F6-2,0.010441563,0.3433228
F6-2,0.035170364,0.769043
F6-2,0.029635235,0.3433228
F6-2,0.024822543,0.8514404
F6-2,0.025769648,1.098633
F6-2,0.037208366,0.4943848
F6-2,0.036542877,0.5630493
F6-2,0.016484078,1.167297
F6-2,0.028934202,0.8377075
F6-2,0.043873628,0.5081177
F6-3,0.119123519,1.895142
F6-3,0.114699069,2.622986
F6-3,0.116704751,1.785278
F6-3,0.09830995,2.815247
F6-3,0.103446605,3.845215
F6-3,0.105391143,1.757813
F6-3,0.088189804,2.870178
F6-3,0.099986105,1.977539
F6-3,0.097692655,2.444458
F6-3,0.103761753,2.842712
F6-3,0.108979369,2.897644
F6-3,0.101297525,3.666687
F6-3,0.105139436,1.208496
F6-3,0.101819003,2.252197
F6-3,0.113952638,1.387024
F6-3,0.094348526,1.84021
F6-3,0.126632596,1.359558
F6-3,0.093753807,2.842712
F6-3,0.074237818,3.996277
F6-3,0.094802472,2.059937
F6-3,0.089193678,2.856445
F6-3,0.103261468,2.801514
F6-3,0.09530874,2.49939
F6-3,0.106088563,1.593018
F6-3,0.108680344,1.867676
F6-3,0.113445375,1.483154
F6-3,0.100205491,2.554321
F6-3,0.105043649,2.156067
F6-3,0.096636383,0.5081177
F6-3,0.103092692,1.524353
F6-3,0.102909996,0.3845215
F6-3,0.098632255,3.474426
F6-3,0.119446671,1.620483
F6-3,0.115111174,0.7003784
F6-3,0.098988542,1.593018
F6-3,0.074742846,4.174805
F6-3,0.094038234,2.238464
F6-3,0.098787317,2.156067
F6-3,0.09477027,1.469421
F6-3,0.076115339,1.387024
F6-3,0.093069502,3.378296
F6-3,0.094120683,1.222229
F6-3,0.084137206,0.5905151
F6-3,0.120746931,0.9338379
F6-3,0.108790688,1.373291
F6-3,0.090154607,3.858948
F6-3,0.073636443,0.7827759
F6-3,0.089203709,2.444458
F6-3,0.118337932,2.26593
F6-3,0.082928439,2.540588
F6-3,0.076328823,2.101135
F6-3,0.088799355,1.126099
F6-3,0.116521385,1.235962
F6-3,0.095783588,1.867676
F6-3,0.108699988,0.9613037
F6-3,0.088549697,2.320862
F6-3,0.095215303,2.416992
F6-3,0.090089885,0.9750366
F6-3,0.116012503,0.6591797
F6-3,0.091028203,2.59552
F6-3,0.088291917,1.771545
F6-3,0.090126373,3.034973
F6-3,0.077576066,1.785278
F6-3,0.069791004,1.208496
F6-3,0.102110926,0.8926392
F6-3,0.0732429,1.428223
F6-3,0.086256646,0.7965088
F6-3,0.105300355,1.634216
F6-3,0.090466399,4.421997
F6-3,0.101325054,2.622986
F6-3,0.089235423,1.359558
F6-3,0.084058231,1.18103
F6-3,0.059930011,1.057434
F6-3,0.110657568,0.8102417
F6-3,0.087165105,0.9750366
F6-3,0.071317105,2.087402
F6-3,0.113147496,0.5630493
F6-3,0.120789449,1.016235
F6-3,0.109881587,0.6591797
F6-3,0.088351425,4.463196
F6-3,0.086495656,0.7965088
F6-3,0.087330479,1.071167
F6-3,0.069321381,1.455688
F6-3,0.084414221,2.032471
F6-3,0.108483895,0.6317139
F6-3,0.079243931,2.69165
F6-3,0.088754827,1.057434
F6-3,0.107397167,1.579285
F6-3,0.093142725,1.359558
F6-3,0.074645809,1.551819
F6-3,0.07738096,1.277161
F6-3,0.078356181,1.194763
F6-3,0.086558514,0.7415771
F6-3,0.085250542,2.430725
F6-3,0.108556644,1.057434
F6-3,0.083535579,1.002502
F6-3,0.086973549,0.8377075
F6-3,0.055391597,0.8102417
F6-3,0.072996454,2.554321
F6-3,0.096999878,2.156067
F6-3,0.078069168,0.8514404
F6-3,0.102115154,0.3295898
F6-3,0.0545583,2.362061
F6-3,0.083883894,0.3570557
F6-3,0.088589983,1.139832
F6-3,0.063026706,0.5767822
F6-3,0.093464734,0.5905151
F6-3,0.079216848,0.8514404
F6-3,0.066207062,0.2471924
F6-3,0.063151046,1.222229
F6-3,0.069385431,1.153564
F6-3,0.081676649,0.9750366
F6-3,0.092866011,0.7415771
F6-3,0.07789444,1.263428
F6-3,0.086433337,1.167297
F6-3,0.080520952,1.153564
F6-3,0.073119218,0.6729126
F6-3,0.065713379,2.485657
F6-3,0.048794776,1.029968
F6-3,0.055450509,1.222229
F6-3,0.096882002,0.9750366
F6-3,0.048188715,0.617981
F6-3,0.073156193,0.3845215
F6-3,0.097780176,0.7003784
F6-3,0.092525909,1.373291
F6-3,0.071599814,1.387024
F6-3,0.079708497,0.2609253
F6-3,0.061134976,0.8102417
F6-3,0.077724156,0.8377075
F6-3,0.074094317,0.7003784
F6-3,0.070041778,0.3707886
F6-3,0.05799002,1.551819
F6-3,0.019502261,0.3982544
F6-3,0.082726834,0.2746582
F6-3,0.09694121,0.3158569
F6-3,0.057812505,0.9475708
F6-3,0.061874505,2.719116
F6-3,0.065184991,1.002502
F6-3,0.069859266,0.8514404
F6-3,0.097810581,0.7827759
F6-3,0.052438202,2.554321
F6-3,0.074303522,1.318359
F6-3,0.086008893,0.4806519
F6-3,0.060497802,1.647949
F6-3,0.076406446,0.5218506
F6-3,0.07873287,0.5493164
F6-3,0.0726501,1.400757
F6-3,0.079349246,1.538086
F6-3,0.05654062,0.7003784
F6-3,0.059987945,1.277161
F6-3,0.100956623,0.1922607
F6-3,0.042874206,0.5081177
F6-3,0.028368185,0.5493164
F6-3,0.068373812,1.277161
F6-3,0.059659523,0.4943848
F6-3,0.052834773,0.1647949
F6-3,0.04419536,1.057434
F6-3,0.039743484,0.3158569
F6-3,0.047918529,1.139832
F6-3,0.003214033,0.617981
F6-3,0.046847388,1.126099
F6-3,0.051121395,0.8789063
F6-3,0.040774948,0.7141113
F6-3,0.029143468,1.029968
F6-3,0.034741208,0.6866455
F6-3,0.06431849,0.5767822
F6-3,0.060369627,0.7278442
F6-3,0.067653664,0.5218506
F6-3,0.055884249,1.538086
F6-3,0.050781422,0.6317139
F6-3,0.034787739,1.016235
F6-3,0.044254178,0.4943848
F6-3,0.044025865,0.6317139
F6-3,0.054505295,1.222229
F6-3,0.031694195,0.604248
F6-3,0.059866832,0.2746582
F6-3,0.035323243,1.93634
F6-3,0.04464862,1.029968
F6-3,0.02632261,0.5081177
F6-3,0.062875262,0.3158569
F6-3,0.056423384,0.4943848
F6-3,0.04051665,0.3570557
F6-3,0.0328327,0.4806519
F6-3,0.046151246,0.7003784
F6-3,0.028848592,0.3433228
F6-3,0.047381063,0.617981
F6-3,0.053630557,0.9338379
F6-3,0.051175075,1.263428
F6-3,0.051328613,0.3158569
F6-3,0.098920134,2.183533
F6-3,0.109163054,2.018738
F6-3,0.115482869,2.293396
F6-3,0.121290527,0.9613037
F6-3,0.10054785,3.295898
F6-3,0.076105333,3.268433
F6-3,0.095274462,2.005005
F6-3,0.11398658,1.304626
F6-3,0.108094956,1.428223
F6-3,0.11894533,0.920105
F6-3,0.073056786,2.430725
F6-3,0.085526002,1.74408
F6-3,0.10391267,1.332092
F6-3,0.098658728,3.68042
F6-3,0.072598871,4.037476
F6-3,0.089073225,2.485657
F6-3,0.071512307,2.389526
F6-3,0.103196295,1.524353
F6-3,0.069453732,1.716614
F6-3,0.112511498,1.675415
F6-3,0.095145898,1.41449
F6-3,0.069309112,1.263428
F6-3,0.087244551,5.067444
F6-3,0.099384416,1.208496
F6-3,0.092225633,1.538086
F6-3,0.084582351,0.6866455
F6-3,0.077303894,3.2547
F6-3,0.093483693,1.661682
F6-3,0.09466688,1.565552
F6-3,0.119431447,0.2059937
F6-3,0.09972147,1.977539
F6-3,0.069792703,1.579285
F6-3,0.081404136,0.7965088
F6-3,0.095903657,1.249695
F6-3,0.091820007,1.895142
F6-3,0.092349832,0.9613037
F6-3,0.099520672,1.318359
F6-3,0.110337977,1.043701
F6-3,0.124873741,0.4257202
F6-3,0.093131087,0.7003784
F6-3,0.101938097,0.7141113
F6-3,0.068693585,1.689148
F6-3,0.089798658,1.799011
F6-3,0.094713722,0.5630493
F6-3,0.085246603,1.235962
F6-3,0.103873174,0.5767822
F6-3,0.07826415,0.9475708
F6-3,0.04092929,1.455688
F6-3,0.108748024,2.128601
F6-3,0.105471483,1.345825
F6-3,0.103800021,0.8789063
F6-3,0.094981816,2.197266
F6-3,0.093967649,0.9338379
F6-3,0.072475282,4.10614
F6-3,0.089952645,1.853943
F6-3,0.082959823,0.5493164
F6-3,0.073671909,2.032471
F6-3,0.086714032,1.991272
F6-3,0.075882339,2.293396
F6-3,0.085894742,1.002502
F6-3,0.061741488,2.664185
F6-3,0.077983129,1.400757
F6-3,0.085292257,2.966309
F6-3,0.067830569,2.128601
F6-3,0.052967018,1.51062
F6-3,0.070392601,1.579285
F6-3,0.070616415,2.320862
F6-3,0.085229917,1.812744
F6-3,0.056484989,2.018738
F6-3,0.054501594,1.277161
F6-3,0.061374187,0.4943848
F6-3,0.064406285,1.799011
F6-3,0.066907076,0.7553101
F6-3,0.04228811,0.9063721
F6-3,0.071454678,1.84021
F6-3,0.078519879,1.318359
F6-3,0.088321169,1.167297
F6-3,0.07529718,2.114868
F6-3,0.079786641,1.565552
F6-3,0.060230563,1.771545
F6-3,0.055425868,1.593018
F6-3,0.073532609,1.950073
F6-3,0.087283771,0.7141113
F6-3,0.085503524,0.3433228
F6-3,0.082342068,1.922607
F6-3,0.03641481,2.073669
F6-3,0.05411305,1.400757
F6-3,0.068146347,0.9475708
F6-3,0.064549862,1.387024
F6-3,0.046627365,2.005005
F6-3,0.067130583,0.7965088
F6-3,0.067873841,0.7278442
F6-3,0.049489266,1.249695
F6-3,0.041943627,1.277161
F6-3,0.053833707,1.675415
F6-3,0.050959018,1.565552
F6-3,0.034745267,2.26593
F6-3,0.043868985,0.9613037
F6-3,0.046608855,1.016235
F6-3,0.043238901,0.9613037
F6-3,0.051648849,0.8651733
F6-3,0.03498131,0.2471924
F6-3,0.0327814,0.3845215
F6-3,0.046942865,0.7553101
F6-3,0.042309301,0.7141113
F6-3,0.032008934,0.4257202
F6-3,0.041997508,0.9613037
F6-3,0.048665192,0.3433228
F6-4,0.041859417,1.496887
F6-4,0.025977003,0.920105
F6-4,0.026971652,0.4394531
F6-4,0.025080439,1.716614
F6-4,0.02462191,1.016235
F6-4,0.015322563,1.208496
F6-4,0.021720078,1.222229
F6-4,0.018365263,1.400757
F6-4,0.011061146,0.6454468
F6-4,0.019808885,0.302124
F6-4,0.01331187,0.604248
F6-4,0.022174373,1.565552
F6-4,0.051854655,0.7827759
F6-4,-0.005199859,0.9063721
F6-4,0.028194453,0.9063721
F6-4,0.022640145,1.41449
F6-4,0.035809077,0.8514404
F6-4,0.025721875,0.7827759
F6-4,0.034189636,0.7003784
F6-4,0.02333541,0.453186
F6-4,0.022135422,0.7003784
F6-4,0.014783362,1.41449
F6-4,0.011085293,0.5630493
F6-4,0.019583769,1.249695
F6-4,0.021579849,0.5355835
F6-4,0.027954221,0.4669189
F6-4,0.01709693,0.4669189
F6-4,-0.007754584,0.6591797
F2-3,-0.003770976,0.7141113
F2-3,-0.004285248,0.5767822
F2-3,-0.002422117,0.4669189
F2-3,-0.003047133,0.4806519
F3-1,0.009766797,0.2197266
F3-1,-0.003554694,0.604248
F3-1,-0.000820477,0.302124
F3-1,-0.006362154,0.3707886
F3-1,0.002172843,0.5630493
F3-1,-0.000947246,0.7141113
F3-1,-0.004676433,0.453186
F3-1,0.116826709,1.661682
F3-1,0.146914193,1.043701
F3-1,0.159812537,1.441956
F3-1,0.049282659,0.5355835
F3-1,0.048106496,0.4806519
F3-1,0.00051588,0.5355835
F3-1,0.008758043,0.3570557
F3-1,-0.002605852,0.7003784
F3-1,-0.004166045,0.604248
F3-1,-0.006619736,0.4669189
F3-3,-0.00680404,1.139832
F3-3,-0.002680473,1.112366
F3-3,-0.005487075,0.4943848
F3-3,-0.004432164,1.0849