sample_name,value,version
F1-1,0.000166589,1
F1-1,0.000183325,1
F1-1,0.000145762,1
F1-1,0.0002377,1
F1-1,5.75E-05,1
F1-1,0.000198607,1
F1-1,1.78E-05,1
F1-1,9.85E-05,1
F1-1,0.000503148,1
F1-1,1.12E-05,1
F1-1,1.02E-05,1
F1-1,-3.27E-05,1
F1-1,0.000199287,1
F1-1,9.95E-05,1
F1-1,0.000186215,1
F1-1,-0.000254511,1
F1-1,4.12E-05,1
F1-1,0.000221641,1
F1-1,0.000154245,1
F1-1,0.000365104,1
F1-1,-0.000109535,1
F1-1,0.000489696,1
F1-1,0.000287542,1
F1-1,0.000290534,1
F1-1,-8.76E-05,1
F1-1,-0.000402389,1
F1-1,0.000107037,1
F1-1,2.60E-05,1
F1-1,3.49E-05,1
F1-1,0.000476746,1
F1-1,0.000265544,1
F1-1,-0.00040523,1
F1-1,0.000386352,1
F1-1,0.000657527,1
F1-1,0.000327094,1
F1-1,-0.000184802,1
F1-1,-9.94E-05,1
F1-1,0.000236973,1
F1-1,0.000113666,1
F1-1,0.000138043,1
F1-1,0.000518092,1
F1-1,0.000228817,1
F1-1,3.23E-05,1
F1-1,0.000132532,1
F1-1,0.00016308,1
F1-1,0.000451652,1
F1-2,0.000429472,1
F1-2,0.000604948,1
F1-2,0.000255179,1
F1-2,0.000559289,1
F1-2,0.000539989,1
F1-2,0.000501793,1
F1-2,0.000935382,1
F1-2,0.000569789,1
F1-2,0.000336197,1
F1-2,-0.000197846,1
F1-2,0.000186243,1
F1-2,3.91E-05,1
F1-2,0.000594424,1
F1-2,-0.000340607,1
F1-2,0.00042241,1
F1-2,0.000275973,1
F1-2,0.000579299,1
F1-2,0.000270689,1
F1-2,0.000368165,1
F1-2,0.00042424,1
F1-2,0.000472591,1
F1-2,0.000169154,1
F1-2,0.000442114,1
F1-2,0.000303531,1
F1-2,0.000430982,1
F1-2,0.000200108,1
F1-2,0.000488557,1
F1-2,0.000578154,1
F1-2,0.001009254,1
F1-2,0.000293941,1
F1-2,0.000408025,1
F1-2,0.000135111,1
F1-2,0.000174439,1
F1-2,0.000335673,1
F1-2,0.000134436,1
F1-2,0.001517317,1
F1-2,0.000172362,1
F1-2,0.002064919,1
F1-2,0.000466317,1
F1-2,0.00022607,1
F1-2,0.000380791,1
F1-2,8.48E-05,1
F1-2,-1.62E-05,1
F1-2,5.73E-05,1
F1-2,0.000999805,1
F1-2,0.000329679,1
F1-2,0.000307313,1
F1-2,0.000202373,1
F1-2,-0.000341316,1
F1-2,0.000463703,1
F1-2,0.00043823,1
F1-2,0.00013199,1
F1-2,0.000213468,1
F1-2,6.22E-05,1
F1-2,0.000396665,1
F1-2,6.35E-05,1
F1-2,0.001981824,1
F1-2,0.000201466,1
F1-2,0.00045348,1
F1-2,0.000162652,1
F1-2,0.000390331,1
F1-2,0.000230387,1
F1-2,8.24E-05,1
F1-2,0.000335637,1
F1-2,0.0003912,1
F1-2,0.000595247,1
F1-2,0.000330111,1
F1-2,5.60E-05,1
F1-2,0.000136318,1
F1-2,0.000540188,1
F1-2,0.000241248,1
F1-2,0.000384146,1
F1-2,0.000442682,1
F1-2,0.000536712,1
F1-2,0.000538681,1
F1-2,0.000603976,1
F1-2,0.00096743,1
F1-2,-1.28E-05,1
F1-2,-5.31E-05,1
F1-2,0.00036265,1
F1-2,0.00046909,1
F1-2,0.00022337,1
F1-2,0.000354512,1
F1-2,0.000161568,1
F1-2,0.000470859,1
F1-2,5.53E-05,1
F1-2,0.000364408,1
F1-2,-4.40E-05,1
F1-2,0.000664907,1
F1-2,0.000238425,1
F1-2,-0.000256333,1
F1-2,0.000524074,1
F1-2,0.000514187,1
F1-2,0.000120579,1
F1-2,0.00015334,1
F1-2,0.000222882,1
F1-2,0.000298982,1
F1-2,5.69E-06,1
F1-2,0.000178945,1
F1-2,0.00028058,1
F1-2,0.000343529,1
F1-2,0.000485841,1
F1-2,-0.000202915,1
F1-2,0.001386955,1
F1-2,0.000212324,1
F1-2,0.00027779,1
F1-2,0.000321953,1
F1-2,-3.53E-05,1
F1-2,9.93E-05,1
F1-2,0.0005885,1
F1-2,0.00076647,1
F1-2,7.14E-05,1
F1-2,0.00050717,1
F1-2,-0.00034379,1
F1-2,0.000876159,1
F1-2,6.15E-05,1
F1-2,9.97E-05,1
F1-2,0.000161473,1
F1-2,0.000507859,1
F1-2,0.000669329,1
F1-2,0.000256703,1
F1-2,0.000383058,1
F1-2,0.000729909,1
F1-2,0.000847526,1
F1-2,0.001432501,1
F1-2,0.000301123,1
F1-2,0.000968334,1
F1-2,0.000320719,1
F1-2,0.000306196,1
F1-2,0.000549568,1
F1-2,0.000555929,1
F1-2,0.00054296,1
F1-2,0.000707886,1
F1-2,0.000257756,1
F1-2,8.62E-05,1
F1-2,0.000456283,1
F1-2,0.000818454,1
F1-2,0.000318873,1
F1-2,0.000661461,1
F1-2,-0.000105489,1
F1-2,0.002213718,1
F1-2,0.000230035,1
F1-2,0.000213922,1
F1-2,0.000444097,1
F1-3,0.000261273,1
F1-3,0.000155165,1
F1-3,4.53E-05,1
F1-3,0.000121838,1
F1-3,1.53E-05,1
F1-3,-2.96E-05,1
F1-3,6.06E-05,1
F1-3,-1.48E-05,1
F1-3,6.46E-05,1
F1-3,0.000356507,1
F1-3,0.000139937,1
F1-3,0.000289084,1
F1-3,0.000283138,1
F1-3,0.000259752,1
F1-3,-6.21E-05,1
F1-3,4.16E-06,1
F1-3,0.000181031,1
F1-3,8.36E-05,1
F1-3,0.00019377,1
F1-3,0.000173377,1
F1-3,4.97E-05,1
F1-3,0.000124731,1
F1-3,0.000258244,1
F1-3,0.000283658,1
F1-3,0.0002691,1
F1-3,0.000174923,1
F1-3,9.41E-05,1
F1-3,0.000141103,1
F1-3,0.00016585,1
F1-3,0.000113704,1
F1-3,0.0003211,1
F1-3,0.000173268,1
F1-3,5.53E-05,1
F1-3,0.000183533,1
F1-3,-0.000246555,1
F1-3,-9.47E-06,1
F1-3,0.000184286,1
F1-3,9.12E-05,1
F1-3,0.00020538,1
F1-3,-3.91E-05,1
F1-3,0.000207801,1
F1-3,9.94E-05,1
F1-3,0.000126093,1
F1-3,0.000367599,1
F1-3,9.51E-05,1
F1-3,0.000260933,1
F1-3,-3.26E-06,1
F1-3,0.00012836,1
F1-3,0.000276547,1
F1-3,0.00023207,1
F1-3,0.000135564,1
F1-3,0.000256071,1
F1-3,0.000162204,1
F1-3,-6.27E-05,1
F1-3,9.76E-05,1
F1-3,0.000219456,1
F1-3,6.72E-05,1
F1-3,0.00016403,1
F1-3,7.89E-05,1
F1-3,0.000145912,1
F1-3,-3.09E-05,1
F1-3,0.000175316,1
F1-3,4.10E-05,1
F1-3,8.69E-05,1
F1-3,0.000270546,1
F1-3,0.000218705,1
F1-3,0.000166115,1
F1-3,0.000203566,1
F1-3,7.15E-05,1
F1-3,0.000169492,1
F1-3,0.000167028,1
F1-3,8.79E-05,1
F1-3,0.000184788,1
F1-3,0.000198737,1
F1-3,0.000290058,1
F1-3,0.000124002,1
F1-3,0.000130453,1
F1-3,0.000111592,1
F1-3,0.000152964,1
F1-3,0.000293516,1
F1-3,0.000154211,1
F1-3,7.49E-05,1
F1-3,0.000210723,1
F1-3,0.000210837,1
F1-3,0.000189898,1
F1-3,8.96E-05,1
F1-3,-7.09E-05,1
F1-3,7.95E-05,1
F1-3,0.000228528,1
F1-3,0.000115876,1
F1-3,0.000176632,1
F1-3,0.000429792,1
F1-3,0.000212591,1
F1-3,0.000222937,1
F1-3,9.51E-05,1
F1-3,0.000201254,1
F1-3,0.000158473,1
F1-3,7.60E-05,1
F1-3,0.000206262,1
F1-3,0.000130742,1
F1-3,0.000104838,1
F1-3,9.23E-05,1
F1-3,2.99E-05,1
F1-3,2.71E-05,1
F1-3,9.11E-05,1
F1-3,0.000259067,1
F1-3,9.62E-05,1
F1-3,0.000195203,1
F1-3,0.000317579,1
F1-3,0.000112738,1
F1-3,0.000246699,1
F1-3,0.000206604,1
F1-3,0.000179396,1
F1-3,6.50E-05,1
F1-3,0.000211037,1
F1-3,0.000122819,1
F1-3,-0.000150148,1
F1-3,0.000134421,1
F1-3,7.56E-05,1
F1-3,-0.000213357,1
F1-3,0.000319439,1
F1-3,0.000115304,1
F1-3,0.000300999,1
F1-3,0.000135824,1
F1-3,0.000126707,1
F1-3,4.45E-05,1
F1-3,0.000107712,1
F1-3,-1.77E-07,1
F1-3,0.000106604,1
F1-3,0.000339541,1
F1-3,0.000236056,1
F1-3,0.00021163,1
F1-3,3.78E-05,1
F1-3,3.34E-05,1
F1-3,0.000142307,1
F1-3,-0.000100633,1
F1-3,0.000266063,1
F1-3,0.000101967,1
F1-3,0.000408819,1
F1-3,0.000107396,1
F1-3,-7.53E-06,1
F1-3,-5.14E-05,1
F1-3,0.000232486,1
F1-3,0.000195513,1
F1-3,-2.79E-05,1
F1-3,0.000200117,1
F1-3,0.000130645,1
F1-3,0.000220036,1
F1-3,-1.76E-05,1
F1-3,4.91E-05,1
F1-3,0.000249259,1
F1-3,7.25E-05,1
F1-3,-0.000137171,1
F1-3,0.000117622,1
F1-3,0.000329401,1
F1-3,1.74E-06,1
F1-3,5.71E-05,1
F1-3,0.000321063,1
F1-3,8.19E-05,1
F1-3,0.00018279,1
F1-3,0.000344447,1
F1-3,0.000276255,1
F1-3,-0.00014172,1
F1-3,0.000212693,1
F1-3,-5.29E-05,1
F1-3,0.000344098,1
F1-3,0.000163196,1
F1-3,-6.36E-06,1
F1-3,0.000216137,1
F1-3,-0.000117947,1
F1-3,3.93E-06,1
F1-3,0.000217937,1
F1-3,0.000252138,1
F1-3,0.000183887,1
F1-3,0.000195805,1
F1-3,5.09E-05,1
F1-3,8.60E-05,1
F1-3,0.0002562,1
F1-3,5.63E-05,1
F1-3,7.33E-05,1
F1-3,0.000207695,1
F1-3,0.000113639,1
F1-3,0.000250796,1
F1-3,0.000268284,1
F1-3,0.000268474,1
F1-3,0.00010081,1
F1-3,7.71E-05,1
F1-3,0.000119607,1
F1-3,0.000178884,1
F1-3,0.000277595,1
F1-3,0.000393059,1
F1-3,9.94E-05,1
F1-3,0.000183777,1
F1-3,3.63E-05,1
F1-3,0.00029695,1
F1-3,7.61E-05,1
F1-3,0.000284998,1
F1-3,5.56E-05,1
F1-3,1.87E-05,1
F1-3,0.000243268,1
F1-3,0.000174996,1
F1-3,0.000357991,1
F1-3,0.000126596,1
F1-3,0.000270139,1
F1-3,8.35E-05,1
F1-3,0.000225371,1
F1-3,0.000215221,1
F1-3,0.00010299,1
F1-3,0.000347524,1
F1-3,0.000184393,1
F1-3,0.000124899,1
F1-3,6.78E-05,1
F1-3,0.000122044,1
F1-3,0.000203151,1
F1-3,0.000141932,1
F1-3,0.000175187,1
F1-3,8.68E-05,1
F1-3,3.72E-05,1
F1-3,0.00011838,1
F1-3,0.000116554,1
F1-3,0.000115229,1
F1-3,0.00012512,1
F1-3,0.000116379,1
F1-3,0.000187139,1
F1-3,0.000247761,1
F1-3,0.000111958,1
F1-3,0.00010352,1
F1-3,0.000213449,1
F1-3,0.000144311,1
F1-3,0.000129767,1
F1-3,0.000179137,1
F1-3,0.000227702,1
F1-3,0.000479972,1
F1-3,0.000126644,1
F1-3,6.40E-05,1
F1-3,0.000159143,1
F1-3,0.000207643,1
F1-3,0.000236182,1
F1-3,0.00034793,1
F1-3,0.000221465,1
F1-3,0.000234555,1
F1-3,0.000105008,1
F1-3,0.00043928,1
F1-3,0.00020009,1
F1-3,0.0005411,1
F1-3,0.000340091,1
F1-3,0.00029744,1
F1-3,-4.41E-05,1
F1-3,0.000147003,1
F1-3,0.000237413,1
F1-3,0.00010544,1
F1-3,-7.81E-05,1
F1-3,0.000192718,1
F1-3,0.000333783,1
F1-3,6.73E-05,1
F1-3,-8.18E-05,1
F1-3,4.63E-05,1
F1-3,0.000246469,1
F1-3,0.000175135,1
F1-3,0.000130807,1
F1-3,0.000222354,1
F1-3,0.000178308,1
F1-3,0.000123432,1
F1-3,0.000360819,1
F1-3,9.97E-05,1
F1-3,0.000166384,1
F1-3,3.34E-05,1
F1-3,0.000184259,1
F1-3,0.000201222,1
F1-3,0.000116324,1
F1-3,0.000156587,1
F1-3,-0.000107852,1
F1-3,1.66E-05,1
F1-3,8.01E-05,1
F1-3,0.000127241,1
F1-3,0.000208116,1
F1-3,2.52E-06,1
F1-3,0.000250588,1
F1-3,-1.77E-05,1
F1-3,0.000341253,1
F1-3,0.000248366,1
F1-3,0.000370824,1
F1-3,0.000301738,1
F1-3,0.000414576,1
F1-3,0.00021152,1
F1-3,0.000273601,1
F1-3,-6.37E-05,1
F1-3,0.000181025,1
F1-3,-7.78E-05,1
F1-3,-2.44E-05,1
F1-3,0.000349545,1
F1-3,0.000581068,1
F1-3,6.81E-05,1
F1-3,-4.09E-05,1
F1-3,0.000219789,1
F1-3,-5.43E-05,1
F1-3,0.00018897,1
F1-3,0.000189036,1
F1-3,3.16E-05,1
F1-3,0.000498728,1
F1-3,0.000357872,1
F1-3,0.000315517,1
F1-3,0.000240342,1
F1-3,0.00012053,1
F1-3,0.000263695,1
F1-3,4.11E-06,1
F1-3,9.91E-05,1
F1-3,0.000317378,1
F1-3,0.000289309,1
F1-3,0.000318718,1
F1-3,0.00020733,1
F1-3,0.000175324,1
F1-3,0.000134842,1
F1-3,0.000239766,1
F1-3,8.10E-05,1
F1-3,0.000506901,1
F1-3,0.00020123,1
F1-3,0.000414597,1
F1-3,0.000537691,1
F1-3,0.000216387,1
F1-3,0.000111842,1
F1-3,-8.14E-05,1
F1-3,2.04E-05,1
F1-3,-0.000102253,1
F1-3,4.07E-05,1
F1-3,0.000485691,1
F1-4,0.000284155,1
F1-4,-1.71E-05,1
F1-4,0.000128387,1
F1-4,0.000248532,1
F1-4,0.00031951,1
F1-4,0.000681565,1
F1-4,0.000309552,1
F1-4,0.000909267,1
F1-4,-5.48E-05,1
F1-4,0.000171927,1
F1-4,0.00064221,1
F1-4,0.000344899,1
F1-4,0.000619358,1
F1-4,-0.000155916,1
F1-4,0.000871391,1
F1-4,2.50E-05,1
F1-4,0.000150528,1
F1-4,0.000537517,1
F1-4,0.000169676,1
F1-4,0.000597075,1
F1-4,-0.000109823,1
F1-4,4.57E-05,1
F1-4,0.000114664,1
F1-4,0.000244458,1
F1-4,-2.85E-05,1
F1-4,0.000815136,1
F1-4,4.52E-05,1
F1-4,0.000633296,1
F1-4,3.86E-05,1
F1-4,0.000313672,1
F1-4,0.000186003,1
F1-4,0.000248263,1
F1-4,0.000528468,1
F1-4,8.62E-05,1
F1-4,0.000585983,1
F1-4,0.000270553,1
F1-4,0.000262388,1
F1-4,8.90E-05,1
F1-4,0.000160895,1
F1-4,0.000136221,1
F1-4,0.000133609,1
F1-4,0.000158256,1
F1-4,0.000871572,1
F1-4,0.000310598,1
F1-4,0.000346304,1
F1-4,0.000488041,1
F1-4,0.000601796,1
F1-4,0.000496875,1
F1-4,2.28E-05,1
F1-4,0.000626292,1
F1-4,0.000508348,1
F1-4,0.000393496,1
F1-4,0.000571548,1
F1-4,0.000567125,1
F1-4,0.00094165,1
F1-4,0.000633421,1
F1-4,0.002168599,1
F1-4,0.000315255,1
F1-4,0.000817856,1
F1-4,0.000219626,1
F1-4,0.000190438,1
F1-4,-0.000425593,1
F1-4,0.000389151,1
F1-4,0.000260768,1
F1-4,0.000614147,1
F1-4,0.000325299,1
F1-4,0.000308695,1
F1-4,0.00027772,1
F1-4,0.000183033,1
F1-4,-0.000326607,1
F1-4,-0.000139311,1
F1-4,0.000223062,1
F1-4,-0.000118915,1
F1-4,0.000637731,1
F1-4,0.00027906,1
F1-4,0.000214072,1
F1-4,0.00027911,1
F1-4,-5.11E-06,1
F1-4,0.000977522,1
F1-4,0.000534282,1
F1-4,0.000152098,1
F1-4,0.000121171,1
F1-4,0.000903997,1
F1-4,0.000226847,1
F1-4,0.000358247,1
F1-4,-2.76E-05,1
F1-4,0.000872189,1
F1-4,0.000275011,1
F1-4,0.000404979,1
F1-4,0.000196607,1
F1-4,0.00072068,1
F1-4,0.00068501,1
F1-4,0.000802456,1
F1-4,0.000146869,1
F1-4,0.000346405,1
F1-4,0.000539625,1
F1-4,0.000597725,1
F1-4,0.000327663,1
F1-4,0.000690272,1
F1-4,0.000967917,1
F1-4,-0.000116114,1
F1-4,0.000213671,1
F1-4,0.000729846,1
F1-4,0.000135734,1
F1-4,9.75E-05,1
F1-4,0.000312225,1
F1-4,0.000720901,1
F1-4,0.000644129,1
F1-4,0.000252856,1
F1-4,0.000173624,1
F1-4,0.000789668,1
F1-4,-0.000115302,1
F1-4,0.00122342,1
F1-4,0.000130451,1
F1-4,0.000334815,1
F1-4,0.000597707,1
F1-4,0.000331215,1
F1-4,0.000812709,1
F1-4,-0.000210565,1
F1-4,0.000860907,1
F1-4,0.000448567,1
F1-4,-0.000549601,1
F1-4,0.001886703,1
F1-4,0.000919616,1
F1-4,0.000302725,1
F1-4,0.000587926,1
F1-4,0.000449117,1
F1-4,0.000358238,1
F1-4,0.000363279,1
F1-4,0.000834664,1
F1-4,0.000256542,1
F1-4,0.000204814,1
F1-4,0.000492944,1
F1-4,0.000667306,1
F1-4,0.00038704,1
F1-4,0.00041432,1
F1-4,0.000608576,1
F1-4,0.001069529,1
F1-4,0.000247114,1
F1-4,-0.000425801,1
F1-4,0.000807315,1
F1-4,-0.000121151,1
F1-4,0.000208234,1
F1-4,0.001052082,1
F1-4,0.000314115,1
F1-4,0.000673435,1
F1-4,0.00054883,1
F1-4,0.000670312,1
F1-4,0.000659645,1
F1-4,0.000273343,1
F1-4,0.000994048,1
F1-4,7.10E-05,1
F1-4,0.000152724,1
F1-4,0.00031695,1
F1-4,-0.000147947,1
F1-4,0.000477878,1
F1-4,0.000356561,1
F1-4,0.000373114,1
F1-4,0.000220435,1
F1-4,4.08E-05,1
F1-4,0.000242394,1
F1-4,0.000226172,1
F1-4,0.000206099,1
F1-4,6.25E-05,1
F1-4,0.000171694,1
F1-4,0.000433615,1
F1-4,0.000442898,1
F1-4,0.000281453,1
F1-4,0.000253495,1
F1-4,0.000217354,1
F1-4,0.000207209,1
F1-4,0.00048349,1
F1-4,0.00020662,1
F1-4,0.000185412,1
F1-4,0.000401694,1
F1-4,0.000350754,1
F1-4,0.000261571,1
F1-4,0.000115065,1
F1-4,0.000755662,1
F1-4,0.000834087,1
F1-4,0.000289251,1
F1-4,0.0004976,1
F1-4,0.000615613,1
F1-4,0.000107598,1
F1-4,0.000596323,1
F1-4,0.000557694,1
F1-4,0.000280157,1
F1-4,0.000271361,1
F1-4,-0.000178791,1
F1-4,0.000275335,1
F1-4,0.001078067,1
F1-4,0.000231175,1
F1-4,0.000463608,1
F1-4,0.000525047,1
F1-4,0.000606879,1
F1-4,0.000614,1
F1-4,0.000812124,1
F1-4,0.000653884,1
F1-4,0.000392546,1
F1-4,0.000600118,1
F1-4,0.000435509,1
F1-4,0.000227126,1
F1-4,7.51E-05,1
F1-4,0.000631031,1
F1-4,0.000259667,1
F1-4,-0.000267134,1
F1-4,0.001252732,1
F1-4,0.000223851,1
F1-4,0.000571608,1
F1-4,0.00072947,1
F1-4,0.000659202,1
F1-4,0.000132181,1
F1-4,3.92E-05,1
F1-4,0.000547431,1
F1-4,0.001678253,1
F1-4,0.000333823,1
F1-4,0.000958083,1
F1-4,0.00055941,1
F1-4,0.000612344,1
F1-4,0.001104722,1
F1-4,0.000741707,1
F1-4,-0.000128209,1
F1-4,0.000383557,1
F1-4,0.000659248,1
F1-4,0.000728739,1
F1-4,0.000996838,1
F1-4,-0.000616793,1
F1-4,0.00026992,1
F1-4,0.000426222,1
F1-4,0.000301269,1
F1-4,0.001002009,1
F1-4,0.000591011,1
F1-4,0.000616373,1
F1-4,0.000691375,1
F1-4,0.000534716,1
F1-4,0.000467414,1
F1-4,-0.000228208,1
F1-4,0.00064006,1
F1-4,0.000236825,1
F1-4,0.001672684,1
F1-4,0.000317614,1
F1-4,0.000291556,1
F1-4,0.000249462,1
F1-4,0.000620399,1
F1-4,0.000377205,1
F1-4,0.000771745,1
F1-4,0.000877257,1
F1-4,0.000563715,1
F1-4,-4.44E-09,1
F1-4,0.000915936,1
F1-4,-0.000441014,1
F2-1,0.000233797,1
F2-1,0.000462974,1
F2-1,0.000148068,1
F2-1,0.000336199,1
F2-1,0.000277263,1
F2-1,0.000223466,1
F2-1,0.000414851,1
F2-1,0.000528031,1
F2-1,0.000389079,1
F2-1,0.000427434,1
F2-1,0.000414902,1
F2-1,0.000698623,1
F2-1,0.00085879,1
F2-1,0.000464111,1
F2-1,0.000358667,1
F2-1,0.000601897,1
F2-1,0.000208137,1
F2-1,0.000553781,1
F2-1,0.00063589,1
F2-1,0.000595748,1
F2-1,0.000239817,1
F2-1,0.000394889,1
F2-1,0.00036392,1
F2-1,0.00055767,1
F2-1,0.000525224,1
F2-1,0.000186518,1
F2-1,0.00026759,1
F2-1,0.000188462,1
F2-1,0.000172522,1
F2-1,0.000230678,1
F2-1,0.000342831,1
F2-1,0.000385492,1
F2-1,0.000198928,1
F2-1,0.000292813,1
F2-1,0.000228442,1
F2-1,0.000119054,1
F2-1,0.00021334,1
F2-1,0.000181773,1
F2-1,0.000128459,1
F2-1,0.000568894,1
F2-1,0.000273174,1
F2-1,0.00021918,1
F2-1,0.000373041,1
F2-1,0.000205531,1
F2-1,-2.62E-05,1
F2-1,0.0001477,1
F2-1,0.000230602,1
F2-1,5.12E-05,1
F2-1,-4.68E-07,1
F2-1,0.00082438,1
F2-1,0.000584681,1
F2-1,0.000427322,1
F2-1,0.000166807,1
F2-1,0.000170526,1
F2-1,-0.000127837,1
F2-1,-0.000143799,1
F2-1,0.000348607,1
F2-1,0.000164366,1
F2-1,0.000176371,1
F2-1,0.000539507,1
F2-1,0.000295507,1
F2-1,0.000329,1
F2-1,-8.00E-05,1
F2-1,0.000118101,1
F2-1,0.000126993,1
F2-1,0.000185061,1
F2-1,7.63E-05,1
F2-1,0.000152735,1
F2-1,0.000350433,1
F2-1,9.81E-05,1
F2-1,0.000177879,1
F2-1,-7.06E-05,1
F2-1,0.000229385,1
F2-1,0.000213153,1
F2-1,0.000432381,1
F2-1,-3.78E-05,1
F2-1,-0.000106263,1
F2-1,0.000390863,1
F2-1,-1.38E-05,1
F2-1,0.000412539,1
F2-1,0.000184725,1
F2-1,0.000524664,1
F2-1,0.000361921,1
F2-1,0.000409417,1
F2-1,0.000195467,1
F2-1,0.000152288,1
F2-1,7.57E-05,1
F2-1,0.000308377,1
F2-1,0.00024151,1
F2-1,0.000459067,1
F2-1,0.00036414,1
F2-1,-0.000130283,1
F2-1,0.000544506,1
F2-1,0.000575626,1
F2-1,0.00013462,1
F2-1,7.95E-05,1
F2-1,0.000559744,1
F2-1,0.000347029,1
F2-1,0.000540058,1
F2-1,7.73E-05,1
F2-1,0.000289504,1
F2-1,0.00062367,1
F2-1,0.000313726,1
F2-1,0.00021215,1
F2-1,8.12E-05,1
F2-1,0.000203404,1
F2-1,0.0002241,1
F2-1,0.00035835,1
F2-1,0.000577672,1
F2-1,0.000128426,1
F2-1,5.81E-05,1
F2-1,0.000212181,1
F2-1,0.000592678,1
F2-1,-0.000106426,1
F2-1,0.000773292,1
F2-1,0.000139766,1
F2-1,0.000424496,1
F2-1,0.000732957,1
F2-2,0.000471899,1
F2-2,0.00032112,1
F2-2,0.000661014,1
F2-2,0.000428977,1
F2-2,0.001043236,1
F2-2,0.001381058,1
F2-2,0.000950146,1
F2-2,0.000435379,1
F2-2,0.000802457,1
F2-2,0.00071199,1
F2-2,0.000935629,1
F2-2,0.001086564,1
F2-2,0.002067656,1
F2-2,0.000670995,1
F2-2,0.000354656,1
F2-2,0.001123556,1
F2-2,0.0007556,1
F2-2,0.000590033,1
F2-2,0.000754454,1
F2-2,0.000670458,1
F2-2,0.000936832,1
F2-4,0.000697374,1
F2-4,0.000720647,1
F2-4,0.00081499,1
F2-4,0.000834915,1
F2-4,0.000150942,1
F2-4,0.000635974,1
F2-4,0.00069988,1
F2-4,8.54E-05,1
F2-4,0.000127688,1
F2-4,-3.82E-05,1
F2-4,0.000523342,1
F2-4,0.000339088,1
F2-4,0.00035102,1
F2-4,0.000863998,1
F2-4,0.000514698,1
F2-4,0.0004054,1
F2-4,0.000519386,1
F2-4,0.000431318,1
F2-4,0.001291856,1
F2-4,0.000456344,1
F2-4,0.000380169,1
F2-4,0.000922759,1
F2-4,0.000652109,1
F2-4,0.001028499,1
F2-4,0.001130533,1
F2-4,0.000987265,1
F2-4,0.00078302,1
F2-4,0.000528908,1
F2-4,0.000510877,1
F2-4,0.001148645,1
F2-4,0.001624157,1
F2-4,0.000750994,1
F2-4,0.001077499,1
F2-4,0.000117372,1
F2-4,0.000319295,1
F2-4,0.000184093,1
F2-4,0.001024349,1
F2-4,0.004855969,1
F2-4,0.000728258,1
F2-4,0.00112706,1
F2-4,0.000611652,1
F2-4,0.000625442,1
F2-4,0.000944666,1
F2-4,0.001048364,1
F2-4,0.000527436,1
F2-4,0.000272543,1
F2-4,0.001152276,1
F2-4,0.001121436,1
F2-4,0.00020127,1
F2-4,0.001800753,1
F2-4,0.000549085,1
F2-4,0.0004246,1
F2-4,0.00031838,1
F2-4,0.000122842,1
F2-4,0.002290943,1
F2-4,0.000927382,1
F2-4,0.000554078,1
F2-4,0.000306407,1
F2-4,0.000517422,1
F2-4,0.00025147,1
F2-4,0.000673388,1
F2-4,0.000483468,1
F2-4,0.000563034,1
F2-4,0.000234928,1
F2-4,0.001196485,1
F2-4,0.000400468,1
F2-4,0.000954622,1
F2-4,0.000824966,1
F2-4,0.000364769,1
F2-4,0.000369267,1
F2-4,0.000566816,1
F2-4,0.000580321,1
F2-4,0.001590968,1
F2-4,0.000228682,1
F2-4,0.001458144,1
F2-4,0.000617863,1
F2-4,0.00050021,1
F2-4,0.000495881,1
F2-4,0.000214254,1
F2-4,0.001361634,1
F2-4,0.000987992,1
F2-4,0.001105931,1
F2-4,0.000561626,1
F2-4,0.000656558,1
F2-4,-0.000116545,1
F2-4,0.000407166,1
F2-4,0.000469631,1
F2-4,0.000901756,1
F2-4,0.00071158,1
F2-4,0.000562158,1
F2-4,0.000808471,1
F2-4,0.000315595,1
F2-4,0.001067292,1
F2-4,0.000418041,1
F2-4,0.001492759,1
F2-4,0.0007301,1
F2-4,0.001169296,1
F2-4,0.003979946,1
F2-4,0.001029871,1
F2-4,0.000678968,1
F2-4,0.000705375,1
F2-4,0.000657346,1
F2-4,-0.000215128,1
F2-4,0.002269056,1
F2-4,-6.54E-05,1
F2-4,0.003208821,1
F2-4,0.000687406,1
F2-4,-9.19E-05,1
F2-4,0.000564988,1
F2-4,0.000746331,1
F2-4,0.001732403,1
F3-2,0.000428098,1
F3-2,0.000591909,1
F3-2,0.000156434,1
F3-2,0.000911876,1
F3-2,0.000685846,1
F3-2,0.000142391,1
F3-2,0.001182441,1
F3-2,0.000204157,1
F3-2,0.000180887,1
F3-2,0.000466007,1
F3-2,0.000477761,1
F3-2,0.000578608,1
F3-2,0.000486337,1
F3-2,0.000657122,1
F3-2,0.000261226,1
F3-2,0.000597496,1
F3-2,0.00017827,1
F3-2,0.000487064,1
F3-2,0.000960169,1
F3-2,0.000254508,1
F3-2,0.000503838,1
F3-2,0.000734762,1
F3-2,0.000494601,1
F3-2,0.000760203,1
F3-2,-6.47E-05,1
F3-2,0.000373913,1
F3-2,0.000332589,1
F3-2,0.000493227,1
F3-2,0.001096499,1
F3-2,0.00024798,1
F3-2,0.000845197,1
F3-2,0.000225109,1
F3-2,0.000598837,1
F3-2,0.00031654,1
F3-2,0.001322141,1
F3-2,0.000381418,1
F3-2,0.000351279,1
F3-2,0.00066211,1
F3-2,0.000505511,1
F3-2,0.000281181,1
F3-2,0.000203086,1
F3-2,0.000406531,1
F3-2,0.000827807,1
F3-2,0.00045329,1
F3-2,0.000634067,1
F3-2,0.000675999,1
F3-2,0.000389641,1
F3-2,9.45E-05,1
F3-2,0.000444795,1
F3-2,0.001040991,1
F3-2,-5.94E-05,1
F3-2,-7.97E-05,1
F3-2,0.000897333,1
F3-2,0.000542936,1
F3-2,0.000439917,1
F3-2,0.000631926,1
F3-2,0.000233692,1
F3-2,0.00025573,1
F3-2,0.000283795,1
F3-2,0.000298405,1
F3-2,0.000294891,1
F3-2,0.001163609,1
F3-2,0.000834246,1
F3-2,-0.000348621,1
F3-2,0.000311825,1
F3-2,0.000588332,1
F3-2,0.001063886,1
F3-2,-2.02E-05,1
F3-2,0.000338721,1
F3-2,0.000824646,1
F3-2,0.000218403,1
F3-2,0.000323326,1
F3-2,0.000123435,1
F3-2,0.000406273,1
F3-2,-3.80E-05,1
F3-2,7.84E-05,1
F3-2,0.000352492,1
F3-2,0.00132453,1
F3-2,0.000409167,1
F3-2,0.000530891,1
F3-2,0.000544397,1
F3-2,0.000914844,1
F3-2,0.000184438,1
F3-2,0.000608402,1
F3-2,0.001186507,1
F3-2,0.000692931,1
F3-2,0.000119332,1
F3-2,0.000231759,1
F3-2,0.000557316,1
F3-2,0.000230051,1
F3-2,0.000569628,1
F3-2,0.000770223,1
F3-2,0.000490791,1
F3-2,0.000564754,1
F3-2,0.000790167,1
F3-2,0.000452431,1
F3-2,0.000152336,1
F3-2,0.000201285,1
F3-2,0.00065462,1
F3-2,0.000827055,1
F3-2,7.20E-05,1
F3-2,0.00102374,1
F3-2,0.00039548,1
F3-2,0.000714292,1
F3-2,0.000946558,1
F3-2,-0.000105643,1
F3-2,0.000495897,1
F3-2,0.000625575,1
F3-2,-5.52E-05,1
F3-2,0.000950703,1
F3-2,0.000589143,1
F3-2,0.000876626,1
F3-2,0.00055277,1
F3-2,0.000844594,1
F3-2,0.00034592,1
F3-2,0.000233375,1
F3-2,0.000547885,1
F3-2,0.000723538,1
F3-2,0.00030679,1
F3-2,0.001029398,1
F3-2,0.00034169,1
F3-2,0.000538476,1
F3-2,0.000914436,1
F3-2,0.000631876,1
F3-2,0.000371906,1
F3-2,0.000727587,1
F3-2,0.000502476,1
F3-2,0.000568198,1
F3-2,0.000259647,1
F3-2,0.000313955,1
F3-2,0.000425302,1
F3-2,0.000831552,1
F3-2,0.000468994,1
F3-2,0.000625702,1
F3-2,0.000311507,1
F3-2,0.000724338,1
F3-2,-0.000362323,1
F3-2,0.000854147,1
F3-2,9.78E-06,1
F3-2,0.00075742,1
F3-2,0.000729887,1
F3-2,0.000666898,1
F3-2,0.000874705,1
F3-2,0.000665387,1
F3-2,0.000400211,1
F3-2,0.000649717,1
F3-2,-0.000118457,1
F3-2,0.00046819,1
F3-2,0.00114924,1
F3-2,0.001235907,1
F3-2,0.000201572,1
F3-2,0.001048896,1
F3-2,0.000705002,1
F3-2,0.000315516,1
F3-2,0.000652441,1
F3-2,0.000884764,1
F3-2,0.00033511,1
F3-2,0.000347301,1
F3-2,0.00090217,1
F3-2,0.000891819,1
F3-2,0.00048234,1
F3-2,0.000858118,1
F3-2,0.000424127,1
F3-2,4.48E-05,1
F3-2,0.000380394,1
F3-2,0.000636798,1
F3-2,0.000610261,1
F3-2,0.000339615,1
F3-2,0.000801583,1
F3-2,0.000433235,1
F3-2,0.00041549,1
F3-2,0.000809516,1
F3-2,0.000880618,1
F3-2,0.00029817,1
F3-2,0.000177965,1
F3-2,0.000531668,1
F3-2,0.00015222,1
F3-2,0.000542236,1
F3-2,0.000463564,1
F3-2,0.000612426,1
F3-2,0.000693227,1
F3-2,0.000665975,1
F3-2,0.000777368,1
F3-2,0.000302997,1
F3-2,-3.64E-05,1
F3-2,0.000243836,1
F3-2,0.000396736,1
F3-2,0.000560182,1
F3-2,0.000760484,1
F3-2,0.000491852,1
F3-2,0.000927482,1
F3-2,0.000622616,1
F3-2,0.00040124,1
F3-2,0.000672358,1
F3-2,0.000293688,1
F3-2,0.000282685,1
F3-2,0.000455394,1
F3-2,0.001955419,1
F3-2,0.000600562,1
F3-2,0.000523364,1
F3-2,0.000948896,1
F3-4,5.62E-05,1
F3-4,0.000193519,1
F3-4,0.00084326,1
F3-4,-0.000122872,1
F3-4,0.000232569,1
F3-4,6.66E-05,1
F3-4,0.000130721,1
F3-4,0.000511577,1
F3-4,0.000450121,1
F3-4,0.000147029,1
F3-4,0.000319399,1
F3-4,0.000135724,1
F3-4,-5.31E-05,1
F3-4,0.000787097,1
F3-4,0.001411511,1
F3-4,0.000630636,1
F3-4,0.000787844,1
F3-4,0.001250684,1
F3-4,0.001219286,1
F3-4,-8.14E-05,1
F3-4,0.000544187,1
F3-4,0.00122397,1
F3-4,0.000745132,1
F3-4,0.000570156,1
F3-4,0.001165256,1
F3-4,8.38E-05,1
F3-4,6.82E-05,1
F3-4,0.000710982,1
F3-4,0.000623457,1
F3-4,0.000991492,1
F3-4,0.001420196,1
F3-4,0.001452904,1
F3-4,0.000957946,1
F3-4,0.000765799,1
F3-4,0.001645474,1
F3-4,0.001011459,1
F3-4,0.000850683,1
F3-4,0.000364457,1
F3-4,0.000774113,1
F3-4,0.00105787,1
F3-4,0.000606453,1
F3-4,0.00078293,1
F3-4,0.003551816,1
F3-4,0.005332442,1
F3-4,0.001193869,1
F3-4,0.00134232,1
F3-4,0.001703973,1
F3-4,0.001377965,1
F3-4,0.002165335,1
F3-4,0.000869407,1
F3-4,0.001125783,1
F3-4,0.000760002,1
F3-4,0.000127035,1
F3-4,0.000274409,1
F3-4,0.000872354,1
F3-4,0.00047324,1
F3-4,0.000231566,1
F3-4,0.000197346,1
F3-4,0.00060804,1
F3-4,0.000375387,1
F3-4,0.000138979,1
F3-4,0.000250264,1
F3-4,0.000385582,1
F3-4,0.000117578,1
F3-4,0.001111189,1
F3-4,0.000590572,1
F3-4,0.000472362,1
F3-4,0.000465017,1
F3-4,0.000894362,1
F3-4,0.000370375,1
F3-4,-1.62E-05,1
F3-4,0.000616629,1
F3-4,0.000117095,1
F3-4,4.25E-05,1
F3-4,0.000542037,1
F3-4,0.000287625,1
F3-4,0.000757452,1
F3-4,0.000918659,1
F3-4,0.002062648,1
F3-4,0.001043559,1
F3-4,0.000351778,1
F3-4,0.000387855,1
F3-4,0.001613989,1
F3-4,0.000641803,1
F3-4,0.000855838,1
F3-4,0.000739967,1
F3-4,0.000213331,1
F3-4,0.000683963,1
F3-4,0.000709317,1
F3-4,0.000645547,1
F3-4,0.000398743,1
F3-4,0.000386812,1
F3-4,0.000667804,1
F3-4,0.001062675,1
F3-4,0.001032872,1
F3-4,0.001147364,1
F4-1,0.000607393,1
F4-1,0.000186858,1
F4-1,6.24E-05,1
F4-1,-6.81E-05,1
F4-1,0.000251135,1
F4-1,8.82E-05,1
F4-1,6.06E-08,1
F4-1,0.000537834,1
F4-1,0.000147085,1
F4-1,0.000252095,1
F4-1,0.000355573,1
F4-1,0.000417343,1
F4-1,0.000542836,1
F4-1,0.000219663,1
F4-1,-7.41E-05,1
F4-1,0.000851545,1
F4-1,-2.93E-07,1
F4-1,0.000162313,1
F4-1,0.000573875,1
F4-1,0.000435935,1
F4-1,0.000346176,1
F4-1,-1.48E-05,1
F4-1,0.000129009,1
F4-1,0.000776912,1
F4-1,0.000791207,1
F4-1,0.00042601,1
F4-1,0.000363847,1
F4-1,0.000302618,1
F4-1,-4.08E-05,1
F4-1,0.000311846,1
F4-1,0.000317824,1
F4-1,0.000188934,1
F4-1,0.000277888,1
F4-1,0.000241677,1
F4-1,0.001386517,1
F4-1,4.22E-05,1
F4-1,0.000139382,1
F4-1,0.000470971,1
F4-1,-4.36E-05,1
F4-1,0.000355702,1
F4-1,0.000995615,1
F4-1,0.000200657,1
F4-2,0.00019081,1
F4-2,0.000315743,1
F4-2,0.000373207,1
F4-2,8.87E-05,1
F4-2,0.000578556,1
F4-2,-2.93E-05,1
F4-2,0.000345258,1
F4-2,0.000456386,1
F4-2,-2.47E-05,1
F4-2,0.000581141,1
F4-2,0.000393312,1
F4-2,0.000292577,1
F4-2,0.000122678,1
F4-2,0.000441276,1
F4-2,0.000179937,1
F4-2,0.000623136,1
F4-2,0.00014008,1
F4-2,-0.000153351,1
F4-2,0.0003398,1
F4-2,0.000547706,1
F4-2,-0.000104312,1
F4-2,0.000240431,1
F4-2,-0.000384652,1
F4-2,0.000135866,1
F4-2,0.000607283,1
F4-2,0.00027006,1
F4-2,-0.000285037,1
F4-2,7.18E-05,1
F4-2,0.000154468,1
F4-2,0.000330537,1
F4-2,0.000273123,1
F4-2,0.000336,1
F4-2,0.000628669,1
F4-2,-9.55E-05,1
F4-2,0.000901167,1
F4-2,0.000194551,1
F4-2,0.000150387,1
F4-2,0.000256783,1
F4-2,0.0006172,1
F4-2,0.000335489,1
F4-2,0.000416208,1
F4-2,0.00016118,1
F4-2,0.000523663,1
F4-2,-0.000222198,1
F4-2,0.000329874,1
F4-2,0.000317013,1
F4-2,0.000551801,1
F4-2,0.000161914,1
F4-2,0.000127304,1
F4-2,0.000602669,1
F4-2,0.000960325,1
F4-2,0.000890917,1
F4-2,0.000689238,1
F4-2,0.000221846,1
F4-2,0.001097391,1
F4-2,-1.62E-05,1
F4-2,0.000133757,1
F4-2,0.000267314,1
F4-2,0.000252419,1
F4-2,0.000587858,1
F4-2,7.53E-05,1
F4-2,-2.43E-06,1
F4-2,0.00020753,1
F4-2,0.000241718,1
F4-2,0.000301897,1
F4-2,0.000200605,1
F4-2,0.000149229,1
F4-2,0.000854053,1
F4-2,0.000255054,1
F4-2,0.000256036,1
F4-2,0.000594832,1
F4-2,3.94E-05,1
F4-2,0.000237365,1
F4-2,0.000659367,1
F4-2,0.0002908,1
F4-2,0.00072865,1
F4-2,-1.53E-05,1
F4-2,9.23E-05,1
F4-2,0.00029068,1
F4-2,-0.00017615,1
F4-2,0.000631744,1
F4-2,4.75E-05,1
F4-2,0.000769911,1
F4-2,0.00074647,1
F4-2,5.19E-05,1
F4-2,0.000667543,1
F4-2,0.000925603,1
F4-2,0.000250905,1
F4-2,4.85E-05,1
F4-2,0.000811756,1
F4-2,0.000771038,1
F4-2,0.00072794,1
F4-2,0.000515005,1
F4-2,0.000346231,1
F4-2,-9.45E-05,1
F4-2,0.001195231,1
F4-2,0.001137764,1
F4-2,0.000114331,1
F4-2,0.003304407,1
F4-2,0.000926148,1
F4-2,0.000610687,1
F4-2,0.001408565,1
F4-2,-9.75E-05,1
F4-2,0.000624611,1
F4-2,-4.15E-05,1
F4-2,0.000113866,1
F4-2,0.000295268,1
F4-2,0.000455035,1
F4-2,0.000532234,1
F4-2,0.000478131,1
F4-2,0.000379079,1
F4-2,0.000162012,1
F4-2,3.61E-05,1
F4-2,0.000602717,1
F4-2,0.000775973,1
F4-2,-7.68E-05,1
F4-2,0.000219479,1
F4-2,0.000372708,1
F4-2,0.000326733,1
F4-2,0.000490787,1
F4-2,6.74E-05,1
F4-2,0.000163966,1
F4-2,0.000284563,1
F4-2,0.000995317,1
F4-2,0.000524475,1
F4-2,0.000160829,1
F4-2,0.00039827,1
F4-2,0.000348058,1
F4-2,0.000933687,1
F4-2,0.000404647,1
F4-2,0.000584592,1
F4-2,0.000101342,1
F4-2,5.75E-05,1
F4-2,0.000654651,1
F4-2,-6.02E-05,1
F4-2,0.000567709,1
F4-2,0.000241451,1
F4-2,0.000875032,1
F4-2,0.001451116,1
F4-2,0.00011856,1
F4-2,0.000420813,1
F4-2,0.000848776,1
F4-2,0.000571642,1
F4-3,-0.000250204,1
F4-3,0.000201765,1
F4-3,0.000838479,1
F4-3,9.44E-06,1
F4-3,0.000377482,1
F4-3,0.000391219,1
F4-3,0.000281757,1
F4-3,0.000792624,1
F4-3,9.02E-05,1
F4-3,0.000144682,1
F4-3,0.000437768,1
F4-3,0.000787046,1
F4-3,0.000753431,1
F4-3,0.000698669,1
F4-3,0.000301853,1
F4-3,0.000144443,1
F4-3,0.000426911,1
F4-3,0.000353776,1
F4-3,0.000944936,1
F5-1,0.001157273,1
F5-1,0.00488539,1
F5-1,0.005305451,1
F5-1,0.004607658,1
F5-1,0.002937159,1
F5-1,0.006086246,1
F5-1,0.003417096,1
F5-1,0.006825802,1
F5-1,0.006789138,1
F5-1,0.003003689,1
F5-1,0.004912072,1
F5-1,0.004093278,1
F5-1,0.004028911,1
F5-1,0.006699053,1
F5-1,0.003250996,1
F5-1,0.000351796,1
F5-1,0.003554074,1
F5-1,0.001088886,1
F5-1,0.004743381,1
F5-1,0.003528079,1
F5-1,0.002992008,1
F5-1,0.006106357,1
F5-1,0.005211299,1
F5-1,0.005509549,1
F5-1,0.005174676,1
F5-1,0.0043258,1
F5-1,0.007762133,1
F5-1,0.000706227,1
F5-1,0.006585322,1
F5-1,0.010177149,1
F5-1,0.01353366,1
F5-1,0.012535147,1
F5-1,0.005988278,1
F5-1,0.007885086,1
F5-1,0.008242474,1
F5-1,0.006233969,1
F5-1,0.00721552,1
F5-1,0.001858244,1
F5-1,0.00106608,1
F5-1,0.000465481,1
F5-1,0.001575498,1
F5-1,0.017245195,1
F5-1,0.000451802,1
F5-1,0.000286235,1
F5-1,0.000199382,1
F5-1,0.000397435,1
F5-1,0.000672289,1
F5-1,0.000226648,1
F5-1,0.000765996,1
F5-1,0.001609481,1
F5-1,0.001011487,1
F5-1,0.000189132,1
F5-1,0.000522448,1
F5-1,0.000769634,1
F5-1,0.000275294,1
F5-1,0.001236107,1
F5-1,0.000839488,1
F5-1,0.000252186,1
F5-1,0.000277429,1
F5-1,0.004045558,1
F5-1,0.00379398,1
F5-1,0.000375526,1
F5-1,-0.000247535,1
F5-1,0.000624985,1
F5-1,0.000678445,1
F5-1,0.000396728,1
F5-1,0.001293882,1
F5-1,0.000449955,1
F5-1,0.000175666,1
F5-1,0.000539572,1
F5-1,0.000299903,1
F5-1,0.000169321,1
F5-1,0.000687241,1
F5-1,0.000165007,1
F5-1,0.00066173,1
F5-1,0.000297501,1
F5-1,0.000218289,1
F5-1,0.000356061,1
F5-1,0.000166239,1
F5-1,0.00053916,1
F5-1,0.000669399,1
F5-1,0.000344205,1
F5-1,0.000101579,1
F5-1,0.000262393,1
F5-2,0.00042613,1
F5-2,0.000500913,1
F5-2,0.000468551,1
F5-2,0.000649066,1
F5-2,0.001547724,1
F5-2,0.000456217,1
F5-2,0.000566217,1
F5-2,0.000536304,1
F5-2,0.00041112,1
F5-2,0.000267443,1
F5-2,0.000481981,1
F5-2,0.000692408,1
F5-2,0.000326758,1
F5-2,0.00049585,1
F5-2,-0.000132884,1
F5-2,4.79E-05,1
F5-2,0.00045722,1
F5-2,0.001031524,1
F5-2,0.000176258,1
F5-2,4.49E-05,1
F5-2,0.000258806,1
F5-2,0.000579452,1
F5-2,-0.000144629,1
F5-2,0.000151985,1
F5-2,0.000484877,1
F5-2,0.000605644,1
F5-2,0.000151155,1
F5-2,0.000231748,1
F5-2,0.000378354,1
F5-2,0.000525278,1
F5-2,0.000816359,1
F5-2,0.000228794,1
F5-2,0.000757913,1
F5-2,0.000702969,1
F5-2,0.000486107,1
F5-2,0.000397401,1
F5-2,0.000418114,1
F5-2,0.00021435,1
F5-2,0.000346983,1
F5-2,0.000404208,1
F5-2,0.000835012,1
F5-2,0.000224646,1
F5-2,0.000697345,1
F5-2,0.000315533,1
F5-2,0.000592378,1
F5-2,0.000292072,1
F5-2,0.000707957,1
F5-2,0.000727171,1
F5-2,0.001378233,1
F5-2,0.000628386,1
F5-2,0.000962186,1
F5-2,0.000323257,1
F5-2,0.000408078,1
F5-2,0.001128566,1
F5-2,0.000579027,1
F5-2,0.000636926,1
F5-2,0.000756725,1
F5-2,0.000777673,1
F5-2,0.000172654,1
F5-2,0.000963281,1
F5-2,0.000423105,1
F5-2,0.000601953,1
F5-2,0.000724475,1
F5-2,0.000737008,1
F5-2,0.00131478,1
F5-2,0.000440652,1
F5-2,0.000435612,1
F5-2,0.000568212,1
F5-2,0.00026773,1
F5-2,0.000473608,1
F5-2,0.000615109,1
F5-2,0.00050549,1
F5-2,0.001107252,1
F5-2,0.00035684,1
F5-2,0.000391984,1
F5-2,0.00049494,1
F5-2,0.000867156,1
F5-2,0.000646033,1
F5-2,0.000125837,1
F5-2,0.000504406,1
F5-2,0.00039263,1
F5-2,0.000639391,1
F5-2,0.000364729,1
F5-2,0.00048935,1
F5-2,0.000301296,1
F5-2,0.00058721,1
F5-2,0.000169376,1
F5-2,0.00036525,1
F5-2,0.000412966,1
F5-2,0.000488227,1
F5-2,0.000513857,1
F5-2,0.000279336,1
F5-2,0.000892207,1
F5-2,0.000599254,1
F5-2,0.000597059,1
F5-2,0.000301159,1
F5-2,0.00016387,1
F5-2,0.00068137,1
F5-2,0.000866865,1
F5-2,0.000206139,1
F5-2,0.000373674,1
F5-2,0.000474917,1
F5-2,0.000741009,1
F5-2,0.000500665,1
F5-2,0.000134706,1
F5-2,0.000610836,1
F5-2,0.000456289,1
F5-2,-1.61E-05,1
F5-2,0.000314705,1
F5-2,0.000134034,1
F5-2,8.81E-05,1
F5-2,0.001154777,1
F5-2,0.000381518,1
F5-2,0.000768835,1
F5-2,0.000287848,1
F5-2,0.001132054,1
F5-2,0.000785964,1
F5-2,0.000472083,1
F5-2,0.000354781,1
F5-2,0.000570205,1
F5-2,4.77E-05,1
F5-2,0.00016336,1
F5-2,0.0005831,1
F5-2,0.000379679,1
F5-2,0.000297504,1
F5-2,0.000155902,1
F5-2,0.000155475,1
F5-2,0.000208849,1
F5-2,0.000580537,1
F5-2,5.22E-05,1
F5-2,0.000344528,1
F5-2,0.000783411,1
F5-2,0.000893837,1
F5-2,0.000226915,1
F5-2,0.000728584,1
F5-2,0.000810759,1
F5-2,-4.47E-05,1
F5-2,0.000227407,1
F5-2,0.000621475,1
F5-2,0.0003979,1
F5-2,0.000830426,1
F5-2,5.92E-06,1
F5-2,0.00101854,1
F5-2,0.000365449,1
F5-2,0.000164541,1
F5-2,0.000265557,1
F5-2,0.000462879,1
F5-2,0.001220124,1
F5-2,0.000458166,1
F5-2,0.00065903,1
F5-3,0.000974043,1
F5-3,0.000392811,1
F5-3,0.000541814,1
F5-3,0.000729754,1
F5-3,0.001025967,1
F5-3,0.000625247,1
F5-3,0.000533849,1
F5-3,0.001649721,1
F5-3,0.000943994,1
F5-3,0.000299857,1
F5-3,0.001128476,1
F5-3,0.000780489,1
F5-3,0.000329946,1
F5-3,0.000228328,1
F5-3,0.000444284,1
F5-3,-7.89E-05,1
F5-3,0.000710582,1
F5-3,4.16E-05,1
F5-3,0.00106697,1
F5-3,0.000454183,1
F5-3,0.001709107,1
F5-3,0.000167011,1
F5-3,0.000481927,1
F5-3,0.000429966,1
F5-3,0.000237566,1
F5-3,0.000360509,1
F5-3,0.000969124,1
F5-3,0.000852218,1
F5-3,7.60E-05,1
F5-3,0.000858833,1
F5-3,0.002788153,1
F5-3,0.001035351,1
F5-3,0.000459769,1
F5-3,0.000294449,1
F5-3,0.000374621,1
F5-3,6.09E-05,1
F5-3,0.000429388,1
F5-3,0.000769565,1
F5-3,0.000365373,1
F5-3,0.000588686,1
F5-3,0.001113977,1
F5-3,0.000864326,1
F5-3,0.002080376,1
F5-3,0.000557174,1
F5-3,0.000654256,1
F5-3,0.000650712,1
F5-3,0.000535023,1
F5-3,0.000364672,1
F5-3,0.00019521,1
F5-4,0.000687851,1
F5-4,0.001391673,1
F5-4,0.001014727,1
F5-4,0.000810795,1
F5-4,0.000600317,1
F5-4,0.001004689,1
F5-4,0.000584388,1
F5-4,0.00084478,1
F5-4,0.00139303,1
F5-4,0.000267317,1
F5-4,0.001312865,1
F5-4,0.000954481,1
F5-4,0.000321336,1
F5-4,0.000431668,1
F5-4,0.000312845,1
F5-4,0.000886785,1
F5-4,0.001351486,1
F5-4,0.0009971,1
F5-4,0.001032,1
F5-4,0.001115301,1
F5-4,0.000691016,1
F5-4,0.000183191,1
F6-1,7.80E-05,1
F6-1,8.91E-05,1
F6-1,0.000275527,1
F6-1,-0.000347361,1
F6-1,0.000369107,1
F6-1,0.000447365,1
F6-1,-0.000221844,1
F6-1,0.000190854,1
F6-1,-0.00014923,1
F6-1,3.89E-05,1
F6-1,0.000183096,1
F6-1,1.96E-05,1
F6-1,0.000304315,1
F6-1,-4.79E-05,1
F6-1,0.000148326,1
F6-1,-6.57E-05,1
F6-1,-4.47E-05,1
F6-1,0.000717317,1
F6-1,4.10E-05,1
F6-1,-0.000223966,1
F6-1,0.000892393,1
F6-1,0.001124942,1
F6-1,-3.81E-05,1
F6-1,0.000315081,1
F6-1,0.000223791,1
F6-1,0.000135936,1
F6-1,0.000339976,1
F6-1,0.000359672,1
F6-1,-7.45E-05,1
F6-1,-0.000102029,1
F6-1,8.99E-06,1
F6-1,0.000144626,1
F6-1,0.000408287,1
F6-1,0.008602485,1
F6-1,0.000381945,1
F6-1,0.000473055,1
F6-1,0.000618843,1
F6-1,0.000388439,1
F6-1,1.58E-05,1
F6-1,0.000168864,1
F6-1,0.000392852,1
F6-1,0.000171132,1
F6-1,0.000403043,1
F6-1,0.000192606,1
F6-1,-9.38E-05,1
F6-1,0.010855091,1
F6-1,0.000558763,1
F6-1,0.00027353,1
F6-1,2.66E-08,1
F6-1,-8.56E-05,1
F6-1,-0.000331716,1
F6-1,0.000247921,1
F6-1,0.000964174,1
F6-1,0.000179757,1
F6-1,0.000108741,1
F6-1,7.13E-05,1
F6-1,0.000284464,1
F6-1,-0.000144395,1
F6-1,0.000124787,1
F6-1,0.000308446,1
F6-1,0.000171914,1
F6-1,8.22E-05,1
F6-1,-6.24E-05,1
F6-1,-2.69E-05,1
F6-1,0.000278866,1
F6-1,0.000185233,1
F6-1,0.000192539,1
F6-1,0.000297359,1
F6-1,-0.000330649,1
F6-1,0.000221284,1
F6-1,-8.86E-05,1
F6-1,0.000163346,1
F6-1,-0.00011383,1
F6-1,6.68E-05,1
F6-1,-0.000236393,1
F6-1,7.56E-05,1
F6-1,-0.00011797,1
F6-1,-0.000109526,1
F6-1,0.00026805,1
F6-1,4.63E-05,1
F6-1,-6.51E-05,1
F6-1,-0.000196473,1
F6-1,-0.000337898,1
F6-1,0.002457931,1
F6-1,0.000484266,1
F6-1,0.000104243,1
F6-1,0.000198897,1
F6-1,8.22E-05,1
F6-1,0.000335803,1
F6-1,0.00025601,1
F6-1,0.000105114,1
F6-1,0.000194076,1
F6-1,0.000190897,1
F6-1,-0.000238987,1
F6-1,8.29E-05,1
F6-1,5.62E-05,1
F6-1,0.000118179,1
F6-1,-0.000201927,1
F6-1,0.000516257,1
F6-1,0.000455754,1
F6-1,-0.000520564,1
F6-1,-0.00018837,1
F6-1,1.84E-05,1
F6-1,0.000330922,1
F6-1,-0.000174223,1
F6-1,0.000247682,1
F6-1,0.000221819,1
F6-1,0.000238557,1
F6-1,0.000113092,1
F6-1,0.000532413,1
F6-1,0.000755815,1
F6-1,-6.52E-05,1
F6-1,-0.000226315,1
F6-1,-0.00010135,1
F6-1,0.000226457,1
F6-1,7.04E-05,1
F6-1,0.000193105,1
F6-1,0.000730047,1
F6-1,9.40E-05,1
F6-1,-4.25E-06,1
F6-1,0.000314715,1
F6-1,0.000847689,1
F6-1,6.30E-05,1
F6-1,3.87E-05,1
F6-1,-0.000923739,1
F6-1,0.000351671,1
F6-1,0.000243328,1
F6-1,0.000519526,1
F6-1,-7.31E-05,1
F6-1,0.000544717,1
F6-1,-1.43E-05,1
F6-1,-0.000149578,1
F6-1,5.33E-05,1
F6-1,7.92E-05,1
F6-1,0.000238657,1
F6-1,0.000445843,1
F6-1,0.000172418,1
F6-1,0.000894476,1
F6-2,0.000590329,1
F6-2,0.00012817,1
F6-2,0.00050322,1
F6-2,0.000897283,1
F6-2,0.000646532,1
F6-2,0.00106087,1
F6-2,0.000778167,1
F6-2,0.001118245,1
F6-2,0.001456558,1
F6-2,0.000955745,1
F6-2,0.000534986,1
F6-2,0.001129424,1
F6-2,0.000561861,1
F6-2,0.001312715,1
F6-2,0.000314944,1
F6-2,0.000614443,1
F6-2,0.001304012,1
F6-2,0.000611915,1
F6-2,0.0008786,1
F6-2,0.000839627,1
F6-2,0.001193092,1
F6-2,0.001094911,1
F6-2,0.000862764,1
F6-2,0.0008826,1
F6-2,0.001024888,1
F6-2,0.000821924,1
F6-2,-0.000112063,1
F6-2,0.001095556,1
F6-2,0.000950644,1
F6-2,0.000205978,1
F6-2,0.001488898,1
F6-2,0.00071461,1
F6-2,0.000514466,1
F6-2,0.001322817,1
F6-2,0.001189464,1
F6-2,0.000860989,1
F6-2,0.000827783,1
F6-2,0.000244399,1
F6-2,0.000458297,1
F6-2,0.000474253,1
F6-3,0.000181097,1
F6-3,0.000199055,1
F6-3,9.40E-05,1
F6-3,-4.54E-05,1
F6-3,5.95E-05,1
F6-3,1.55E-05,1
F6-3,0.000115087,1
F6-3,3.70E-05,1
F6-3,0.000262751,1
F6-3,9.34E-05,1
F6-3,5.78E-05,1
F6-3,0.000245784,1
F6-3,-0.000322463,1
F6-3,-7.87E-05,1
F6-3,-2.33E-05,1
F6-3,-9.20E-05,1
F6-3,0.000214547,1
F6-3,0.000193925,1
F6-3,0.00020101,1
F6-3,5.11E-05,1
F6-3,4.83E-05,1
F6-3,0.000197552,1
F6-3,0.000297748,1
F6-3,-2.98E-05,1
F6-3,-0.000126105,1
F6-3,0.000225224,1
F6-3,0.00017338,1
F6-3,-1.46E-07,1
F6-3,3.55E-05,1
F6-3,4.55E-05,1
F6-3,-2.00E-05,1
F6-3,0.000226006,1
F6-3,0.000169109,1
F6-3,-2.35E-06,1
F6-3,-2.33E-06,1
F6-3,0.000315869,1
F6-3,-1.06E-05,1
F6-3,0.00019594,1
F6-3,2.88E-06,1
F6-3,0.00024641,1
F6-3,0.00027258,1
F6-3,3.49E-05,1
F6-3,4.78E-05,1
F6-3,-4.01E-05,1
F6-3,-5.92E-05,1
F6-3,0.000170129,1
F6-3,-0.000116971,1
F6-3,0.000240573,1
F6-3,7.07E-05,1
F6-3,0.000258874,1
F6-3,0.000446082,1
F6-3,0.000225569,1
F6-3,5.93E-05,1
F6-3,0.000194534,1
F6-3,-0.000152672,1
F6-3,0.000109014,1
F6-3,6.00E-05,1
F6-3,0.000371707,1
F6-3,1.40E-05,1
F6-3,4.20E-05,1
F6-3,0.000366154,1
F6-3,2.28E-05,1
F6-3,0.000176188,1
F6-3,1.32E-06,1
F6-3,8.25E-05,1
F6-3,-2.92E-05,1
F6-3,4.08E-05,1
F6-3,-0.000144112,1
F6-3,7.43E-05,1
F6-3,0.000123515,1
F6-3,-4.59E-06,1
F6-3,0.000272501,1
F6-3,0.000269109,1
F6-3,0.000171016,1
F6-3,0.000445119,1
F6-3,0.00033834,1
F6-3,0.000352061,1
F6-3,1.45E-05,1
F6-3,0.000125651,1
F6-3,8.91E-05,1
F6-3,-8.32E-05,1
F6-3,-8.29E-05,1
F6-3,7.42E-05,1
F6-3,0.000155479,1
F6-3,0.000263462,1
F6-3,8.84E-05,1
F6-3,0.000140529,1
F6-3,0.000104956,1
F6-3,0.000142622,1
F6-3,0.000344792,1
F6-3,-6.99E-06,1
F6-3,8.06E-05,1
F6-3,1.40E-06,1
F6-3,7.41E-05,1
F6-3,0.000209172,1
F6-3,-7.95E-05,1
F6-3,0.000480601,1
F6-3,0.00016819,1
F6-3,0.000169708,1
F6-3,0.000126048,1
F6-3,0.000140269,1
F6-3,-0.000207554,1
F6-3,0.000219188,1
F6-3,-0.000142399,1
F6-3,1.98E-05,1
F6-3,0.000226253,1
F6-3,-4.67E-05,1
F6-3,-7.78E-05,1
F6-3,-0.000289863,1
F6-3,7.60E-05,1
F6-3,0.000132717,1
F6-3,-0.000610746,1
F6-3,0.000334752,1
F6-3,0.000245369,1
F6-3,0.000423083,1
F6-3,0.000244755,1
F6-3,-8.65E-05,1
F6-3,0.000235285,1
F6-3,0.000309786,1
F6-3,0.000167424,1
F6-3,0.000422929,1
F6-3,0.00027415,1
F6-3,-2.09E-06,1
F6-3,-0.00010977,1
F6-3,-1.32E-05,1
F6-3,0.000333322,1
F6-3,-0.000182731,1
F6-3,0.000287525,1
F6-3,-9.64E-05,1
F6-3,-0.000121179,1
F6-3,0.000280122,1
F6-3,0.000518055,1
F6-3,0.000277592,1
F6-3,0.000520499,1
F6-3,-6.71E-05,1
F6-3,-0.000111136,1
F6-3,0.000259696,1
F6-3,-3.88E-05,1
F6-3,0.000604682,1
F6-3,-0.000209951,1
F6-3,0.000187638,1
F6-3,-0.000138919,1
F6-3,0.000156809,1
F6-3,0.000254957,1
F6-3,0.000194985,1
F6-3,0.000268307,1
F6-3,1.01E-05,1
F6-3,-5.83E-05,1
F6-3,0.000515424,1
F6-3,-0.000180871,1
F6-3,-0.000187378,1
F6-3,0.00038079,1
F6-3,0.000539652,1
F6-3,0.000345011,1
F6-3,0.000207891,1
F6-3,-0.000183324,1
F6-3,0.000188799,1
F6-3,0.000627358,1
F6-3,0.000109513,1
F6-3,6.51E-05,1
F6-3,0.000225332,1
F6-3,-8.19E-05,1
F6-3,0.000331316,1
F6-3,5.03E-05,1
F6-3,0.000196733,1
F6-3,-6.49E-05,1
F6-3,0.000434313,1
F6-3,-0.000118806,1
F6-3,4.70E-06,1
F6-3,-0.000228041,1
F6-3,0.00024476,1
F6-3,0.000318688,1
F6-3,0.000192091,1
F6-3,0.000131409,1
F6-3,0.000459571,1
F6-3,-0.000137926,1
F6-3,0.00013561,1
F6-3,0.000152066,1
F6-3,0.000417607,1
F6-3,0.000259452,1
F6-3,-9.73E-06,1
F6-3,0.000278698,1
F6-3,0.00085223,1
F6-3,1.25E-05,1
F6-3,9.19E-05,1
F6-3,-0.000107839,1
F6-3,0.000303324,1
F6-3,1.60E-05,1
F6-3,0.000197879,1
F6-3,0.000204683,1
F6-3,0.000122947,1
F6-3,4.58E-05,1
F6-3,0.000211703,1
F6-3,0.000147965,1
F6-3,0.000425795,1
F6-3,-2.55E-05,1
F6-3,0.000108111,1
F6-3,0.000224253,1
F6-3,0.000140639,1
F6-3,0.000243949,1
F6-3,0.000216909,1
F6-3,0.000170168,1
F6-3,4.69E-05,1
F6-3,0.000178283,1
F6-3,0.00014774,1
F6-3,0.000227741,1
F6-3,-2.90E-05,1
F6-3,6.11E-05,1
F6-3,0.000403598,1
F6-3,0.000175954,1
F6-3,0.000146986,1
F6-3,0.000164327,1
F6-3,0.000355563,1
F6-3,0.000296789,1
F6-3,-6.44E-06,1
F6-3,0.000116108,1
F6-3,5.34E-05,1
F6-3,-3.12E-05,1
F6-3,-0.000262378,1
F6-3,0.000269415,1
F6-3,0.000142124,1
F6-3,1.48E-05,1
F6-3,5.55E-05,1
F6-3,0.000182464,1
F6-3,0.000287175,1
F6-3,0.00021632,1
F6-3,4.80E-05,1
F6-3,2.88E-06,1
F6-3,-0.000103734,1
F6-3,1.98E-05,1
F6-3,0.000188754,1
F6-3,-8.24E-05,1
F6-3,-0.000222095,1
F6-3,0.000253404,1
F6-3,0.000401949,1
F6-3,0.000368796,1
F6-3,0.000101665,1
F6-3,-9.58E-05,1
F6-3,0.000348205,1
F6-3,0.000114318,1
F6-3,7.25E-05,1
F6-3,0.000373968,1
F6-3,0.000259452,1
F6-3,0.00053414,1
F6-3,0.0002118,1
F6-3,0.000233063,1
F6-3,0.000168594,1
F6-3,5.61E-05,1
F6-3,-0.00015271,1
F6-3,0.000222607,1
F6-3,0.000225694,1
F6-3,-9.53E-05,1
F6-3,0.000225166,1
F6-3,0.000207476,1
F6-3,3.09E-05,1
F6-3,0.000204672,1
F6-3,8.35E-05,1
F6-3,0.000339874,1
F6-3,0.000557624,1
F6-3,0.000429251,1
F6-3,0.000175163,1
F6-3,0.000243705,1
F6-3,0.000534491,1
F6-3,0.000286147,1
F6-3,0.000606043,1
F6-3,-5.76E-05,1
F6-3,0.000149727,1
F6-3,0.000102564,1
F6-3,0.000260615,1
F6-3,0.000357356,1
F6-3,0.000151342,1
F6-3,0.000182204,1
F6-3,0.000362995,1
F6-3,0.000527842,1
F6-3,0.000390929,1
F6-3,0.000453053,1
F6-3,0.000321011,1
F6-3,8.75E-06,1
F6-3,0.000491045,1
F6-3,9.57E-05,1
F6-3,7.48E-05,1
F6-3,0.00037549,1
F6-3,0.000621774,1
F6-3,0.000121349,1
F6-3,-6.70E-06,1
F6-3,0.000271877,1
F6-3,0.000298668,1
F6-3,0.000474678,1
F6-3,0.000331147,1
F6-3,0.000161469,1
F6-3,0.000574655,1
F6-3,0.000871347,1
F6-3,0.000114615,1
F6-3,0.000388242,1
F6-3,7.49E-05,1
F6-3,0.000667995,1
F6-3,0.000422593,1
F6-4,0.0004281,1
F6-4,0.000322022,1
F6-4,0.000269907,1
F6-4,0.000652299,1
F6-4,0.001117415,1
F6-4,0.003225274,1
F6-4,0.000309066,1
F6-4,0.000351159,1
F6-4,0.000450832,1
F6-4,0.000607025,1
F6-4,0.000986834,1
F6-4,0.00085414,1
F6-4,-4.75E-05,1
F6-4,0.000230006,1
F6-4,0.000782106,1
F6-4,0.000754407,1
F6-4,0.00144431,1
F6-4,0.00133805,1
F6-4,0.000933093,1
F6-4,0.001142617,1
F6-4,0.000753073,1
F6-4,0.00049278,1
F6-4,0.001322836,1
F6-4,0.000826786,1
F6-4,0.000600947,1
F6-4,0.001143922,1
F6-4,0.00146803,1
F6-4,0.004069359,1
F2-3,0.002700685,1
F2-3,0.000974533,1
F2-3,0.003104103,1
F2-3,0.001755945,1
F3-1,0.000693535,1
F3-1,-0.000239163,1
F3-1,0.000611831,1
F3-1,-0.000469006,1
F3-1,0.001084513,1
F3-1,0.001061015,1
F3-1,0.001745093,1
F3-1,0.003139294,1
F3-1,0.003501288,1
F3-1,0.003767462,1
F3-1,0.006198198,1
F3-1,0.003792276,1
F3-1,0.001707941,1
F3-1,0.000991257,1
F3-1,0.000715133,1
F3-1,-0.000120295,1
F3-1,0.001039285,1
F3-3,0.000618045,1
F3-3,0.000487503,1
F3-3,-0.000134981,1
F3-3,0.001065626,1
F1-1,2.77E-05,2
F1-1,0.000181144,2
F1-1,1.20E-05,2
F1-1,0.000109215,2
F1-1,1.73E-04,2
F1-1,9.34E-05,2
F1-1,1.54E-04,2
F1-1,2.01E-04,2
F1-1,0.000252736,2
F1-1,1.69E-04,2
F1-1,3.03E-04,2
F1-1,2.05E-04,2
F1-1,0.000140408,2
F1-1,1.09E-04,2
F1-1,0.000246219,2
F1-1,5.32E-05,2
F1-1,1.62E-04,2
F1-1,7.99E-05,2
F1-1,0.000149018,2
F1-1,0.000289617,2
F1-1,2.10E-05,2
F1-1,0.000122847,2
F1-1,7.82E-05,2
F1-1,-3.80E-05,2
F1-1,2.35E-04,2
F1-1,-6.61E-05,2
F1-1,0.000136972,2
F1-1,9.02E-05,2
F1-1,-5.96E-05,2
F1-1,8.38E-05,2
F1-1,0.000160294,2
F1-1,7.51E-05,2
F1-1,0.000182558,2
F1-1,0.000158788,2
F1-1,0.000113098,2
F1-1,6.64E-05,2
F1-1,1.35E-05,2
F1-1,0.000127344,2
F1-1,-6.85E-06,2
F1-1,0.000155702,2
F1-1,0.000241632,2
F1-1,0.000338209,2
F1-1,1.36E-04,2
F1-1,0.000128048,2
F1-1,0.000126985,2
F1-1,0.000182923,2
F1-1,1.60E-05,2
F1-1,5.91E-05,2
F1-1,0.000117205,2
F1-1,5.69E-05,2
F1-1,6.03E-05,2
F1-1,3.22E-05,2
F1-1,8.17E-05,2
F1-1,0.000191844,2
F1-1,9.83E-05,2
F1-1,1.50E-05,2
F1-1,0.000124419,2
F1-1,9.78E-05,2
F1-1,0.00038389,2
F1-1,6.01E-05,2
F1-1,0.00016797,2
F1-1,4.14E-05,2
F1-1,-1.53E-05,2
F1-1,0.000176951,2
F1-1,0.000291935,2
F1-1,7.44E-07,2
F1-1,0.000182174,2
F1-1,0.000186557,2
F1-1,0.000157393,2
F1-1,0.000178867,2
F1-1,6.30E-05,2
F1-1,5.73E-05,2
F1-1,9.62E-05,2
F1-1,4.24E-05,2
F1-1,0.000187801,2
F1-1,-2.59E-05,2
F1-1,0.000209029,2
F1-1,0.000149175,2
F1-1,0.000285218,2
F1-1,0.000174657,2
F1-1,0.000206316,2
F1-1,6.40E-05,2
F1-1,0.000117371,2
F1-1,0.000120657,2
F1-1,0.000132413,2
F1-1,-1.93E-06,2
F1-1,0.000176282,2
F1-1,-7.23E-05,2
F1-1,3.24E-04,2
F1-1,4.51E-05,2
F1-1,1.75E-05,2
F1-1,5.81E-05,2
F1-1,9.78E-05,2
F1-1,0.000225809,2
F1-1,0.000130001,2
F1-1,0.000190437,2
F1-1,0.000239238,2
F1-1,0.000112995,2
F1-1,0.000135415,2
F1-1,1.04E-04,2
F1-1,0.000106611,2
F1-1,1.14E-04,2
F1-1,0.000211852,2
F1-1,2.24E-05,2
F1-1,0.000167524,2
F1-1,-7.03E-05,2
F1-1,2.12E-05,2
F1-1,0.000281021,2
F1-1,-1.04E-04,2
F1-1,0.000486204,2
F1-1,7.97E-05,2
F1-1,0.000168586,2
F1-1,-8.95E-05,2
F1-1,1.56E-04,2
F1-1,2.15E-05,2
F1-1,-0.000111708,2
F1-1,-5.22E-05,2
F1-1,0.000184787,2
F1-1,0.000128528,2
F1-1,8.90E-07,2
F1-1,0.000329981,2
F1-1,0.000183403,2
F1-1,-6.85E-05,2
F1-1,4.03E-04,2
F1-1,3.26E-04,2
F1-1,6.72E-05,2
F1-1,8.98E-05,2
F1-1,0.000385225,2
F1-1,0.000177064,2
F1-1,0.000259258,2
F1-1,9.44E-05,2
F1-1,6.49E-06,2
F1-1,0.000144229,2
F1-1,2.61E-05,2
F1-1,-9.34E-05,2
F1-1,-0.000294025,2
F1-1,0.000365559,2
F1-1,8.00E-05,2
F1-1,0.000178261,2
F1-1,-0.000404637,2
F1-1,5.77E-05,2
F1-1,5.08E-05,2
F1-1,5.88E-05,2
F1-1,1.31E-04,2
F1-1,0.00015251,2
F1-1,1.06E-05,2
F1-1,2.33E-06,2
F1-1,0.000105728,2
F1-1,5.21E-05,2
F1-1,0.000102664,2
F1-1,0.000187099,2
F1-1,0.000226385,2
F1-1,0.000743607,2
F1-1,2.68E-04,2
F1-1,1.97E-04,2
F1-1,0.000175136,2
F1-1,0.000236417,2
F1-1,1.43E-04,2
F1-1,0.000255717,2
F1-1,6.14E-05,2
F1-1,0.00022088,2
F1-1,1.05E-04,2
F1-1,1.15E-04,2
F1-1,3.90E-05,2
F1-1,8.79E-05,2
F1-1,0.000159675,2
F1-1,4.08E-05,2
F1-1,0.000238184,2
F1-1,0.000150889,2
F1-1,-0.000114309,2
F1-1,8.04E-05,2
F1-1,0.000215024,2
F1-1,4.96E-05,2
F1-1,6.48E-05,2
F1-1,0.000191906,2
F1-1,0.000148131,2
F1-1,0.000104294,2
F1-1,0.000153688,2
F1-1,-4.62E-05,2
F1-1,0.000133465,2
F1-1,2.01E-04,2
F1-1,0.000119678,2
F1-1,1.45E-05,2
F1-1,0.000242048,2
F1-1,5.46E-06,2
F1-1,3.90E-05,2
F1-1,0.000130423,2
F1-1,0.000139241,2
F1-1,0.000152936,2
F1-1,0.000100483,2
F1-1,2.48E-05,2
F1-1,3.49E-05,2
F1-1,1.48E-05,2
F1-1,-4.19E-05,2
F1-1,9.08E-05,2
F1-1,1.03E-03,2
F1-1,3.57E-05,2
F1-1,2.56E-04,2
F1-1,-2.25E-05,2
F1-1,0.000159592,2
F1-1,0.000252433,2
F1-1,6.55E-05,2
F1-1,-6.39E-05,2
F1-1,4.85E-05,2
F1-1,2.14E-05,2
F1-1,8.04E-05,2
F1-1,0.000137473,2
F1-1,-8.64E-05,2
F1-1,0.000278274,2
F1-1,0.000161001,2
F1-1,1.87E-04,2
F1-1,0.000158203,2
F1-1,-4.01E-05,2
F1-1,0.000268647,2
F1-1,0.000275783,2
F1-1,0.000146912,2
F1-1,1.43E-04,2
F1-1,0.000188549,2
F1-1,7.85E-05,2
F1-1,0.000313785,2
F1-1,0.000307745,2
F1-1,-3.36E-05,2
F1-1,1.41E-04,2
F1-1,0.00024862,2
F1-1,-0.000134307,2
F1-1,1.17E-04,2
F1-1,0.000113776,2
F1-1,3.16E-04,2
F1-1,-0.000149053,2
F1-1,8.44E-05,2
F1-1,6.30E-05,2
F1-1,1.60E-04,2
F1-1,0.000133229,2
F1-1,1.95E-05,2
F1-1,2.51E-04,2
F1-1,0.00019415,2
F1-1,-4.78E-05,2
F1-1,5.92E-05,2
F1-1,1.69E-05,2
F1-1,8.62E-05,2
F1-1,0.000266542,2
F1-1,2.17E-05,2
F1-1,1.32E-05,2
F1-1,-4.92E-05,2
F1-1,3.56E-04,2
F1-1,0.000251284,2
F1-1,2.62E-05,2
F1-1,0.000216203,2
F1-1,-9.33E-05,2
F1-1,0.000202852,2
F1-1,-7.89E-06,2
F1-1,0.000257433,2
F1-1,6.63E-07,2
F1-1,7.82E-05,2
F1-1,0.000306726,2
F1-1,0.000166322,2
F1-1,7.88E-05,2
F1-1,0.000118784,2
F1-1,3.34E-05,2
F1-1,0.000122024,2
F1-1,8.01E-05,2
F1-1,8.10E-05,2
F1-1,-7.38E-05,2
F1-1,-1.70E-05,2
F1-1,0.000148064,2
F1-1,0.000261015,2
F1-1,-2.34E-05,2
F1-1,0.00541874,2
F1-1,3.97E-05,2
F1-1,2.08E-05,2
F1-1,-8.54E-05,2
F1-1,1.28E-04,2
F1-1,0.000159541,2
F1-1,7.65E-05,2
F1-1,0.000205671,2
F1-1,1.91E-04,2
F1-1,9.13E-06,2
F1-1,2.32E-04,2
F1-1,-0.000101632,2
F1-1,2.86E-05,2
F1-1,1.47E-05,2
F1-1,3.82E-05,2
F1-1,0.00010234,2
F1-1,3.28E-05,2
F1-1,8.22E-05,2
F1-1,0.000104953,2
F1-1,0.000178745,2
F1-1,6.81E-05,2
F1-1,6.57E-05,2
F1-1,0.000231187,2
F1-1,0.000123718,2
F1-1,7.14E-05,2
F1-1,9.25E-05,2
F1-1,3.19E-04,2
F1-1,2.04E-04,2
F1-1,0.000123558,2
F1-1,7.72E-05,2
F1-1,-0.000132193,2
F1-1,0.000197296,2
F1-1,0.000115876,2
F1-1,6.61E-05,2
F1-1,0.000214647,2
F1-1,0.000147385,2
F1-1,3.11E-04,2
F1-1,-2.08E-05,2
F1-1,0.000152372,2
F1-1,9.47E-05,2
F1-1,0.000167628,2
F1-1,3.20E-05,2
F1-1,6.49E-05,2
F1-1,0.000125978,2
F1-1,7.05E-05,2
F1-1,-8.18E-05,2
F1-1,4.60E-06,2
F1-1,8.68E-05,2
F1-1,3.14E-05,2
F1-1,0.000196006,2
F1-1,2.01E-04,2
F1-1,0.000244217,2
F1-1,0.000121803,2
F1-1,0.000100238,2
F1-1,6.36E-05,2
F1-1,1.46E-04,2
F1-1,1.30E-04,2
F1-1,0.00012735,2
F1-1,0.000193363,2
F1-1,0.000186436,2
F1-1,0.000141482,2
F1-1,0.000258214,2
F1-1,4.23E-05,2
F1-1,7.39E-05,2
F1-1,1.22E-04,2
F1-1,-0.000167571,2
F1-1,0.00024896,2
F1-1,4.21E-05,2
F1-1,2.20E-05,2
F1-1,-1.02E-05,2
F1-1,0.000154525,2
F1-1,1.89E-04,2
F1-1,8.74E-05,2
F1-1,0.000132415,2
F1-1,8.86E-05,2
F1-1,0.000197961,2
F1-1,0.000203249,2
F1-1,0.000137201,2
F1-1,-5.38E-05,2
F1-1,1.60E-04,2
F1-1,0.000224275,2
F1-1,4.01E-05,2
F1-1,0.000171927,2
F1-1,0.000115836,2
F1-1,-4.92E-05,2
F1-1,0.000162866,2
F1-1,0.0001301,2
F1-1,1.22E-05,2
F1-1,9.03E-05,2
F1-1,0.000137497,2
F1-1,3.02E-04,2
F1-1,-8.40E-05,2
F1-1,-3.59E-05,2
F1-1,6.50E-05,2
F1-1,0.000194699,2
F1-1,0.000236259,2
F1-1,0.000175914,2
F1-1,0.000106194,2
F1-1,-6.74E-05,2
F1-1,1.81E-04,2
F1-1,9.05E-06,2
F1-1,-4.51E-05,2
F1-1,-1.03E-05,2
F1-1,0.000222331,2
F1-1,0.000172696,2
F1-1,0.000242391,2
F1-1,0.000267084,2
F1-1,0.000213032,2
F1-1,0.000127252,2
F1-1,2.44E-04,2
F1-1,0.000209021,2
F1-1,0.000577757,2
F1-1,-4.86E-05,2
F1-1,9.58E-05,2
F1-1,1.41E-05,2
F1-1,0.001431171,2
F1-1,5.52E-05,2
F1-1,0.000318234,2
F1-1,4.36E-05,2
F1-1,4.23E-05,2
F1-1,3.00E-04,2
F1-1,3.36E-05,2
F1-1,0.000256871,2
F1-1,2.08E-06,2
F1-1,-0.000112885,2
F1-1,0.000227267,2
F1-1,0.000133274,2
F1-1,1.60E-05,2
F1-1,5.17E-05,2
F1-1,0.000103489,2
F1-1,0.000210134,2
F1-1,0.000110659,2
F1-1,0.0001509,2
F1-1,0.000131041,2
F1-1,4.84E-05,2
F1-1,6.17E-05,2
F1-1,0.000173083,2
F1-1,0.00020729,2
F1-1,9.94E-06,2
F1-1,6.44E-05,2
F1-1,3.38E-04,2
F1-1,3.69E-05,2
F1-1,6.95E-05,2
F1-1,-7.69E-05,2
F1-1,0.000188486,2
F1-1,0.000202108,2
F1-1,0.000134354,2
F1-1,3.60E-05,2
F1-1,2.14E-05,2
F1-1,7.81E-05,2
F1-1,0.000112427,2
F1-1,7.52E-05,2
F1-1,0.000107071,2
F1-1,9.42E-05,2
F1-1,5.47E-05,2
F1-1,0.000188878,2
F1-1,-3.78E-06,2
F1-1,1.93E-04,2
F1-1,0.000110376,2
F1-1,0.000119175,2
F1-1,8.13E-05,2
F1-1,0.000181095,2
F1-1,9.58E-06,2
F1-1,0.000153881,2
F1-1,0.000238064,2
F1-1,8.42E-05,2
F1-1,0.000160256,2
F1-1,1.80E-05,2
F1-1,6.20E-05,2
F1-1,0.000156098,2
F1-1,6.21E-06,2
F1-1,0.00028159,2
F1-1,0.00020941,2
F1-1,0.000218483,2
F1-1,2.44E-04,2
F1-1,0.000147429,2
F1-1,4.34E-05,2
F1-1,9.11E-05,2
F1-1,1.47E-04,2
F1-1,9.73E-05,2
F1-1,0.00018577,2
F1-1,0.000166567,2
F1-1,0.000315973,2
F1-1,0.000156066,2
F1-1,7.67E-05,2
F1-1,0.000100761,2
F1-1,9.36E-07,2
F1-1,-8.20E-05,2
F1-1,0.000292432,2
F1-1,1.86E-05,2
F1-1,0.000480525,2
F1-1,7.05E-06,2
F1-1,0.000251189,2
F1-1,6.10E-05,2
F1-1,9.92E-05,2
F1-1,1.99E-04,2
F1-1,7.42E-05,2
F1-1,-5.44E-05,2
F1-1,3.75E-05,2
F1-1,1.54E-04,2
F1-1,0.000166201,2
F1-1,2.71E-04,2
F1-1,0.000265658,2
F1-1,-2.49E-06,2
F1-1,5.17E-05,2
F1-1,0.000249355,2
F1-1,0.000249867,2
F1-1,0.000285266,2
F1-1,8.96E-05,2
F1-1,9.79E-05,2
F1-1,0.000201362,2
F1-1,7.13E-05,2
F1-1,-3.94E-05,2
F1-1,0.000320822,2
F1-1,5.81E-05,2
F1-1,9.09E-05,2
F1-1,-2.65E-04,2
F1-1,3.59E-05,2
F1-1,1.62E-04,2
F1-1,0.000242894,2
F1-1,-4.01E-05,2
F1-1,1.25E-04,2
F1-1,5.10E-05,2
F1-1,0.000172326,2
F1-1,-4.46E-05,2
F1-1,0.00035286,2
F1-1,0.000304272,2
F1-1,0.000209245,2
F1-1,1.72E-04,2
F1-1,2.48E-04,2
F1-1,0.000309198,2
F1-1,1.78E-05,2
F1-1,0.000468956,2
F1-1,8.86E-05,2
F1-1,0.000254238,2
F1-1,4.31E-05,2
F4-3,0.00011505,2
F4-3,2.25E-04,2
F4-3,0.000280897,2
F4-3,0.000171018,2
F4-3,2.01E-05,2
F4-3,0.000262414,2
F4-3,4.13E-05,2
F4-3,0.000855648,2
F4-3,1.27E-04,2
F4-3,5.34E-04,2
F4-3,0.000295071,2
F4-3,2.54E-04,2
F4-3,0.00014015,2
F4-3,-8.13E-05,2
F4-3,4.88E-04,2
F4-3,-7.08E-05,2
F4-3,0.000641337,2
F4-3,0.000707712,2
F4-3,0.000100247,2
F4-3,0.000614643,2
F4-3,0.000345041,2
F4-3,7.53E-04,2
F4-3,0.000491049,2
F4-3,0.000723097,2
F4-3,0.000482318,2
F4-3,0.000226594,2
F4-3,0.000620026,2
F4-3,-0.000168826,2
F4-3,1.15E-03,2
F4-3,0.000300533,2
F4-3,0.000197634,2
F4-3,-0.00013235,2
F4-3,0.000334326,2
F4-3,0.000441983,2
F4-3,2.67E-04,2
F4-3,0.000792938,2
F4-3,0.000522806,2
F4-3,4.17E-04,2
F4-3,-0.000199392,2
F4-3,2.97E-04,2
F4-3,0.00060526,2
F4-3,6.58E-04,2
F4-3,0.000467258,2
F4-3,0.000335187,2
F4-3,0.000314339,2
F4-3,0.00012319,2
F4-3,5.90E-04,2
F4-3,0.000146404,2
F4-3,0.000340204,2
F4-3,0.000355065,2
F4-3,5.34E-04,2
F4-3,0.000389623,2
F4-3,0.000262065,2
F4-3,0.000567831,2
F4-3,0.000514492,2
F4-3,0.000764307,2
F4-3,0.000496666,2
F4-3,-5.32E-05,2
F4-3,-3.25E-06,2
F4-3,0.000344425,2
F4-3,0.000503641,2
F4-3,5.89E-04,2
F4-3,0.000266636,2
F4-3,0.00041453,2
F4-3,0.000336418,2
F4-3,0.000737927,2
F4-3,0.000815827,2
F4-3,0.000514039,2
F4-3,0.000400323,2
F4-3,0.000832627,2
F4-3,0.000518051,2
F4-3,0.000464645,2
F4-3,-0.000356524,2
F4-3,0.000358654,2
F4-3,5.94E-05,2
F4-3,0.000564812,2
F4-3,0.000446493,2
F4-3,0.000307602,2
F4-3,-5.90E-05,2
F4-3,0.000477991,2
F4-3,0.000553131,2
F4-3,0.000610605,2
F4-3,0.000226437,2
F4-3,1.75E-05,2
F4-3,0.000484547,2
F4-3,0.000241706,2
F4-3,0.000243789,2
F4-3,0.000472608,2
F4-3,0.000266514,2
F4-3,0.000836441,2
F4-3,4.02E-04,2
F4-3,0.000266775,2
F4-3,0.000256109,2
F4-3,0.000175979,2
F4-3,0.000378408,2
F4-3,0.000349945,2
F4-3,0.000270896,2
F4-3,0.000506157,2
F4-3,5.99E-04,2
F4-3,0.00060659,2
F4-3,0.000509432,2
F4-3,0.001155979,2
F4-3,0.000343328,2
F4-3,0.000920032,2
F4-3,0.000371478,2
F4-3,0.00018074,2
F4-3,1.91E-05,2
F4-3,0.00087529,2
F4-3,-7.68E-05,2
F4-3,0.000247137,2
F4-3,-4.85E-05,2
F4-3,0.000439755,2
F4-3,0.000214712,2
F4-3,0.00018185,2
F4-3,0.000164569,2
F4-3,0.000251825,2
F4-3,-0.000408211,2
F4-3,1.90E-04,2
F4-3,0.000607515,2
F4-3,0.000360721,2
F4-3,0.000667559,2
F4-3,-0.000113522,2
F4-3,0.0004063,2
F4-3,0.000353086,2
F4-3,0.000506484,2
F4-3,0.000486796,2
F4-3,0.000559813,2
F4-3,0.000207776,2
F4-3,-0.000289405,2
F4-3,0.000202699,2
F4-3,0.000344067,2
F4-3,0.000591325,2
F4-3,0.000310477,2
F4-3,1.13E-05,2
F4-3,0.000705661,2
F4-3,0.000573458,2
F4-3,0.000517589,2
F4-3,0.000742796,2
F4-3,0.000343732,2
F4-3,0.000279538,2
F4-3,0.000304301,2
F4-3,0.000484959,2
F4-3,0.000350755,2
F4-3,0.000330418,2
F4-3,0.000600829,2
F4-3,0.000333167,2
F4-3,0.000892352,2
F4-3,0.000226669,2
F4-3,0.000490012,2
F4-3,0.000254449,2
F4-3,0.00010441,2
F4-3,0.000578431,2
F4-3,0.000285671,2
F4-3,0.000480101,2
F4-3,-2.53E-06,2
F4-3,0.00024757,2
F4-3,0.000126495,2
F4-3,0.000634494,2
F4-3,0.000911376,2
F4-3,0.000459182,2
F4-3,0.000919714,2
F4-3,0.000240034,2
F4-3,0.000354902,2
F4-3,0.000353487,2
F4-3,2.24E-04,2
F4-3,0.000263708,2
F4-3,0.000291768,2
F4-3,0.000115421,2
F4-3,0.000417318,2
F4-3,-7.47E-06,2
F4-3,0.000849016,2
F4-3,0.000233363,2
F4-3,7.31E-05,2
F4-3,0.000172452,2
F4-3,9.16E-05,2
F4-3,0.000246955,2
F4-3,2.06E-04,2
F4-3,0.000343043,2
F4-3,8.83E-05,2
F4-3,0.000106498,2
F4-3,0.000897361,2
F4-3,0.000315429,2
F4-3,0.000675444,2
F4-3,0.000716176,2
F4-3,8.63E-05,2
F4-3,0.000413659,2
F4-3,0.000580496,2
F4-3,0.000379202,2
F4-3,0.000325469,2
F4-3,0.000280114,2
F4-3,0.000288052,2
F4-3,0.000893762,2
F4-3,0.000156144,2
F4-3,0.000528036,2
F4-3,0.000515012,2
F4-3,1.80E-05,2
F4-3,6.17E-05,2
F4-3,0.000671458,2
F4-3,0.000419965,2
F4-3,0.000280001,2
F4-3,0.00071468,2
F4-3,0.000112325,2
F4-3,0.000257283,2
F4-3,0.000555479,2
F4-3,-7.06E-05,2
F4-3,-3.93E-05,2
F4-3,0.000307588,2
F4-3,0.000259546,2
F4-3,0.000259611,2
F4-3,0.000264802,2
F4-3,0.000160944,2
F4-3,0.000908595,2
F4-3,0.000566758,2
F4-3,0.000451871,2
F4-3,0.000555273,2
F4-3,1.99E-05,2
F4-3,0.000549249,2
F4-3,0.000359481,2
F4-3,0.000552671,2
F4-3,3.80E-05,2
F4-3,0.000496747,2
F4-3,0.000339248,2
F4-3,-6.27E-05,2
F4-3,0.000151194,2
F4-3,8.61E-05,2
F4-3,4.75E-04,2
F4-3,0.000460446,2
F4-3,4.53E-05,2
F4-3,0.000356813,2
F4-3,0.000652199,2
F4-3,0.000200176,2
F4-3,0.000442602,2
F4-3,7.28E-05,2
F4-3,6.68E-05,2
F4-3,0.000910561,2
F4-3,0.000329649,2
F4-3,0.000186401,2
F4-3,0.000253009,2
F4-3,0.000756363,2
F4-3,0.000843368,2
F4-3,0.000832936,2
F4-3,0.000668103,2
F4-3,0.000293292,2
F4-3,-0.000173195,2
F4-3,0.000462924,2
F4-3,0.000430559,2
F4-3,0.000416134,2
F4-3,0.000539311,2
F4-3,0.000709185,2
F4-3,5.68E-05,2
F4-3,7.81E-05,2
F4-3,0.000177104,2
F4-3,0.000232919,2
F4-3,0.00062783,2
F4-3,0.000315269,2
F4-3,0.000368603,2
F4-3,0.000289488,2
F4-3,0.000137612,2
F4-3,0.000269639,2
F4-3,0.000378528,2
F4-3,0.00010488,2
F4-3,3.01E-04,2
F4-3,-0.000162615,2
F4-3,0.000264467,2
F4-3,0.000286347,2
F4-3,0.000238961,2
F4-3,0.00049691,2
F4-3,0.000346729,2
F4-3,0.000335908,2
F4-3,0.000324789,2
F4-3,0.000715073,2
F4-3,0.000338755,2
F4-3,9.23E-05,2
F4-3,-9.39E-05,2
F4-3,0.000301971,2
F4-3,0.000299969,2
F4-3,0.000801455,2
F4-3,0.000661333,2
F4-3,-0.00017756,2
F4-3,0.00050119,2
F4-3,0.000327659,2
F4-3,0.000727354,2
F4-3,0.000263625,2
F4-3,0.000274182,2
F4-3,0.000234657,2
F4-3,0.000198778,2
F4-3,0.000169214,2
F4-3,0.000370727,2
F4-3,0.000187759,2
F4-3,9.51E-05,2
F4-3,0.00049409,2
F4-3,0.000305907,2
F4-3,0.000284053,2
F4-3,0.00138231,2
F4-3,0.000628699,2
F4-3,-0.000401774,2
F4-3,0.000420124,2
F4-3,0.000364634,2
F4-3,0.00099709,2
F4-3,0.000195922,2
F4-3,0.000477693,2
F4-4,7.25E-05,2
F4-4,0.000375407,2
F4-4,0.00016325,2
F4-4,0.000267789,2
F4-4,7.85E-05,2
F4-4,0.000382396,2
F4-4,1.64E-05,2
F4-4,2.64E-04,2
F4-4,0.000528049,2
F4-4,-3.35E-05,2
F4-4,2.12E-04,2
F4-4,4.43E-04,2
F4-4,0.000475074,2
F4-4,0.00097637,2
F4-4,-1.85E-05,2
F4-4,0.000236954,2
F4-4,0.00011372,2
F4-4,0.00098126,2
F4-4,0.000666652,2
F4-4,0.0003008,2
F4-4,0.000364007,2
F4-4,0.000267086,2
F4-4,-0.000162179,2
F4-4,-0.000231832,2
F4-4,0.001455749,2
F4-4,1.39E-04,2
F4-4,0.000587485,2
F4-4,0.000388791,2
F4-4,5.11E-05,2
F4-4,7.66E-04,2
F4-4,0.001162522,2
F4-4,0.000368781,2
F4-4,1.22E-04,2
F4-4,-2.58E-05,2
F4-4,3.92E-04,2
F4-4,0.00049557,2
F4-4,-0.000282373,2
F4-4,0.000338617,2
F4-4,5.44E-04,2
F4-4,0.000418054,2
F4-4,0.000398003,2
F4-4,3.78E-04,2
F4-4,-2.35E-05,2
F4-4,0.00035291,2
F4-4,0.000106001,2
F4-4,0.000385145,2
F4-4,0.000465502,2
F4-4,0.000484231,2
F4-4,0.000205669,2
F4-4,1.45E-04,2
F4-4,0.000432364,2
F4-4,2.53E-05,2
F4-4,0.000245344,2
F4-4,8.74E-05,2
F4-4,0.000381344,2
F4-4,8.59E-06,2
F4-4,-1.46E-05,2
F4-4,9.71E-05,2
F4-4,3.53E-04,2
F4-4,0.0006627,2
F4-4,0.000275456,2
F4-4,0.000449053,2
F4-4,4.44E-04,2
F4-4,0.000507398,2
F4-4,0.001000306,2
F4-4,7.81E-05,2
F4-4,5.73E-05,2
F4-4,1.87E-04,2
F4-4,0.000227831,2
F4-4,0.000807714,2
F4-4,0.000461815,2
F4-4,0.000356642,2
F4-4,0.00022085,2
F4-4,6.43E-04,2
F4-4,0.000450499,2
F4-4,7.51E-05,2
F4-4,0.000914275,2
F4-4,0.000166451,2
F4-4,0.000473348,2
F4-4,1.27E-05,2
F4-4,0.000265593,2
F4-4,0.000681493,2
F4-4,0.000603465,2
F4-4,0.000442034,2
F4-4,0.00033347,2
F4-4,0.000374274,2
F4-4,0.000331117,2
F4-4,0.001086294,2
F4-4,5.98E-05,2
F4-4,0.000528489,2
F4-4,5.03E-05,2
F4-4,-1.19E-05,2
F4-4,7.21E-05,2
F4-4,-4.16E-05,2
F4-4,0.000159899,2
F4-4,6.46E-05,2
F4-4,0.000774972,2
F4-4,0.000737133,2
F4-4,0.000325517,2
F4-4,0.000790909,2
F4-4,0.000649226,2
F4-4,0.00062052,2
F4-4,0.000274254,2
F4-4,0.000897394,2
F4-4,0.000537935,2
F4-4,1.49E-05,2
F4-4,0.000197781,2
F4-4,0.00065429,2
F4-4,0.000471428,2
F4-4,-3.13E-04,2
F4-4,0.000119971,2
F4-4,3.00E-04,2
F4-4,0.000473229,2
F4-4,0.000825805,2
F4-4,0.000760165,2
F4-4,0.000558734,2
F4-4,0.001041908,2
F4-4,0.000564787,2
F4-4,0.0002973,2
F4-4,0.000160272,2
F4-4,0.001692797,2
F4-4,7.17E-06,2
F4-4,0.000246627,2
F4-4,-0.000215684,2
F4-4,-0.00013221,2
F4-4,0.000211081,2
F4-4,3.54E-05,2
F4-4,0.019920419,2
F4-4,0.00032406,2
F4-4,9.80E-05,2
F4-4,0.000121913,2
F4-4,0.000460591,2
F4-4,0.000154676,2
F4-4,0.000139294,2
F4-4,9.86E-05,2
F4-4,-9.73E-06,2
F4-4,0.000204742,2
F4-4,0.000779883,2
F4-4,0.000620902,2
F4-4,0.00040254,2
F4-4,0.000546416,2
F4-4,0.000278833,2
F4-4,0.000638202,2
F4-4,0.000345641,2
F4-4,0.000204662,2
F4-4,0.000142409,2
F4-4,0.000272998,2
F4-4,1.58E-06,2
F4-4,0.001031032,2
F4-4,0.000758764,2
F4-4,0.000182405,2
F4-4,0.000210011,2
F4-4,0.000498774,2
F4-4,0.000236681,2
F4-4,0.000607146,2
F4-4,0.000213208,2
F4-4,0.000351242,2
F4-4,0.00028617,2
F4-4,-0.000104528,2
F4-4,0.000206332,2
F4-4,7.09E-05,2
F4-4,0.000482768,2
F4-4,0.001001786,2
F4-4,0.00030093,2
F4-4,0.000216518,2
F4-4,9.65E-05,2
F4-4,0.00057178,2
F4-4,4.38E-05,2
F4-4,5.27E-05,2
F4-4,0.000377496,2
F4-4,-0.000425288,2
F4-4,-9.98E-05,2
F4-4,-0.000276247,2
F4-4,8.10E-05,2
F4-4,0.000567899,2
F4-4,7.23E-05,2
F4-4,0.000121009,2
F4-4,0.00073784,2
F4-4,0.000115306,2
F4-4,-5.99E-05,2
F4-4,0.000112676,2
F4-4,0.000199082,2
F4-4,0.000712229,2
F4-4,0.000686224,2
F4-4,0.000660146,2
F4-4,0.000328785,2
F4-4,0.001010098,2
F4-4,0.000353938,2
F4-4,0.000978675,2
F4-4,0.00048029,2
F4-4,0.000267893,2
F4-4,0.000385927,2
F4-4,5.25E-05,2
F4-4,0.000420619,2
F4-4,0.000350034,2
F4-4,0.000152617,2
F4-4,0.000468871,2
F4-4,0.000228503,2
F4-4,0.000751118,2
F4-4,0.000222133,2
F4-4,0.000318325,2
F4-4,0.000149785,2
F4-4,0.000316117,2
F4-4,0.000305441,2
F4-4,0.000446277,2
F4-4,0.000101444,2
F4-4,1.98E-05,2
F4-4,7.05E-05,2
F4-4,0.000507552,2
F4-4,2.40E-04,2
F4-4,0.000412637,2
F4-4,-0.00015772,2
F4-4,0.000485803,2
F4-4,0.000283272,2
F4-4,0.000347324,2
F4-4,0.000387309,2
F4-4,0.000147574,2
F4-4,0.000247727,2
F4-4,0.000164034,2
F4-4,0.000398786,2
F4-4,0.000290085,2
F4-4,0.00049915,2
F4-4,1.86E-05,2
F4-4,0.000468862,2
F4-4,-0.00010691,2
F4-4,5.09E-05,2
F4-4,0.000432493,2
F4-4,0.000540023,2
F4-4,0.000471762,2
F4-4,0.00062901,2
F4-4,0.000800548,2
F4-4,9.29E-07,2
F4-4,0.000114399,2
F4-4,0.000263527,2
F4-4,0.000214411,2
F4-4,0.000141408,2
F4-4,0.000281852,2
F4-4,1.21E-04,2
F4-4,0.000148732,2
F4-4,0.000492759,2
F4-4,-1.77E-05,2
F4-4,0.000640283,2
F4-4,0.000188102,2
F4-4,0.000146071,2
F4-4,0.000177719,2
F4-4,0.000401253,2
F4-4,0.000215986,2
F4-4,-1.00E-04,2
F4-4,0.000797548,2
F4-4,0.000207832,2
F4-4,8.85E-05,2
F4-4,-3.76E-06,2
F4-4,0.000164247,2
F4-4,-5.54E-05,2
F4-4,0.000378882,2
F4-4,0.000247765,2
F4-4,2.96E-06,2
F4-4,0.000554957,2
F4-4,0.000284833,2
F4-4,0.000446275,2
F4-4,6.58E-04,2
F4-4,-0.000342953,2
F4-4,0.000404093,2
F4-4,3.25E-04,2
F4-4,4.17E-04,2
F4-4,0.000321137,2
F4-4,0.000456764,2
F4-4,0.000378205,2
F4-4,0.0007066,2
F4-4,0.000244813,2
F4-4,0.006726858,2
F4-4,0.000199756,2
F4-4,8.35E-05,2
F4-4,0.000160942,2
F4-4,0.00017645,2
F4-4,0.000235675,2
F4-4,0.000261857,2
F4-4,0.000260167,2
F4-4,0.000809003,2
F4-4,0.008478071,2
F4-4,-3.10E-05,2
F4-4,0.000357157,2
F4-4,-2.12E-05,2
F4-4,0.000154852,2
F4-4,2.66E-05,2
F4-4,0.000346775,2
F4-4,0.000280074,2
F4-4,3.56E-04,2
F4-4,2.65E-04,2
F4-4,0.000247502,2
F4-4,0.00065407,2
F4-4,0.00043766,2
F4-4,0.000622357,2
F4-4,0.000493002,2
F4-4,0.000204252,2
F4-4,0.000187014,2
F4-4,-1.47E-05,2
F4-4,0.000464291,2
F4-4,2.82E-05,2
F4-4,0.000278329,2
F4-4,0.000102291,2
F4-4,0.000310072,2
F4-4,0.001045548,2
F4-4,0.000303647,2
F4-4,0.000293392,2
F4-4,0.000121564,2
F4-4,0.000298634,2
F4-4,0.000353366,2
F4-4,0.000295792,2
F4-4,0.000114778,2
F4-4,5.45E-05,2
F4-4,-9.04E-05,2
F4-4,0.000192942,2
F4-4,-6.14E-05,2
F4-4,0.000261085,2
F4-4,0.000470069,2
F4-4,0.000332128,2
F4-4,-9.05E-05,2
F4-4,0.000425133,2
F4-4,0.000101675,2
F4-4,0.000414742,2
F4-4,8.65E-05,2
F4-4,0.000341472,2
F4-4,0.000129624,2
F4-4,0.000198806,2
F4-4,0.000598119,2
F4-4,0.000229534,2
F4-4,0.000451872,2
F4-4,0.000275278,2
F4-4,0.000203343,2
F4-4,6.52E-05,2
F4-4,0.000558538,2
F4-4,0.000415143,2
F4-4,0.000395989,2
F4-4,0.00015609,2
F4-4,0.000166224,2
F4-4,0.000340025,2
F4-4,0.000439119,2
F4-4,5.66E-05,2
F4-4,-0.00021281,2
F4-4,0.000392688,2
F4-4,0.000304533,2
F4-4,0.000899568,2
F4-4,0.000396111,2
F4-4,0.000158871,2
F4-4,-3.63E-05,2
F4-4,7.40E-05,2
F4-4,0.000421289,2
F4-4,0.00011938,2
F4-4,0.000163579,2
F4-4,-0.000221494,2
F4-4,-2.98E-07,2
F4-4,0.000678564,2
F4-4,0.000988535,2
F4-4,0.000504697,2
F4-4,0.001431704,2
F4-4,-4.95E-05,2
F4-4,-5.39E-05,2
F4-4,0.000386806,2
F4-4,0.000429184,2
F4-4,0.000166981,2
F4-4,0.000122486,2
F4-4,-0.000156733,2
F4-4,0.00015888,2
F4-4,0.000187148,2
F4-4,0.00083375,2
F4-4,0.000267788,2
F4-4,0.000466079,2
F4-4,0.000636913,2
F4-4,0.000581918,2
F4-4,0.00119927,2
F4-4,-0.000111267,2
F4-4,0.000657076,2
F4-4,0.00062361,2
F4-4,0.000389422,2
F4-4,0.000393984,2
F4-4,2.75E-04,2
F4-4,0.000506021,2
F4-4,0.000408244,2
F4-4,-1.22E-06,2
F4-4,0.000387022,2
F4-4,0.000516691,2
F4-4,-5.69E-05,2
F4-4,0.000337995,2
F4-4,0.000739408,2
F4-4,-8.79E-05,2
F4-4,0.000644386,2
F4-4,0.0001002,2
F4-4,0.000589403,2
F4-4,0.000570377,2
F4-4,0.000178849,2
F4-4,0.00042273,2
F4-4,0.000615926,2
F4-4,0.000216889,2
F4-4,0.000547713,2
F4-4,0.000147913,2
F4-4,0.000367296,2
F4-4,5.47E-04,2
F4-4,7.97E-05,2
F4-4,0.000116447,2
F4-4,0.000262466,2
F4-4,0.000384439,2
F4-4,-9.46E-06,2
F4-4,-2.26E-05,2
F4-4,6.35E-05,2
F4-4,0.000194506,2
F4-4,0.000436523,2
F4-4,0.000448249,2
F4-4,-5.30E-06,2
F4-4,-0.000229558,2
F4-4,0.00027229,2
F4-4,0.000631544,2
F4-4,0.000312489,2
F4-4,0.00023684,2
F4-4,-9.88E-05,2
F4-4,0.000763478,2
F4-4,0.000830241,2
F4-4,-3.12E-05,2
F4-4,0.000899393,2
F4-4,-5.97E-05,2
F4-4,0.000893217,2
F4-4,0.000343317,2
F4-4,0.000180458,2
F4-4,-3.37E-05,2
F4-4,0.000575745,2
F4-4,0.000691953,2
F4-4,1.08E-04,2
F4-4,0.000415319,2
F4-4,0.000244833,2
F4-4,1.15E-05,2
F4-4,-0.000120294,2
F4-4,-5.54E-05,2
F4-4,0.000418351,2
F4-4,5.13E-04,2
F4-4,0.000799349,2
F4-4,-0.000190452,2
F4-4,0.000390101,2
F4-4,0.000237076,2
F4-4,0.000158374,2
F4-4,2.22E-04,2
F4-4,3.69E-04,2
F4-4,0.000111858,2
F4-4,4.20E-05,2
F4-4,0.000562971,2
F4-4,0.000125271,2
F4-4,8.77E-05,2
F4-4,0.000523656,2
F4-4,0.000189918,2
F4-4,0.000505503,2
F4-4,0.000366975,2
F4-4,0.000313363,2
F4-4,0.00025415,2
F4-4,0.000739609,2
F4-4,-0.000151729,2
F4-4,-0.000197149,2
F4-4,8.75E-05,2
F4-4,0.000444065,2
F4-4,0.00019503,2
F4-4,0.000178573,2
F4-4,0.00021148,2
F4-4,0.00036694,2
F4-4,0.000267912,2
F4-4,7.34E-05,2
F4-4,0.00043408,2
F4-4,-7.75E-05,2
F4-4,0.000265197,2
F4-4,0.000411512,2
F4-4,0.00018578,2
F4-4,0.000995556,2
F4-4,0.000186193,2
F4-4,0.000194836,2
F4-4,0.000253546,2
F4-4,0.000398088,2
F4-4,0.000151495,2
F4-4,3.89E-05,2
F4-4,0.000658713,2
F4-4,-0.000106883,2
F4-4,-5.80E-05,2
